,Country,Longitude,Latitude,Code,Region,Major_Religion,Year,Consumption,Production_Value
,Chad,18.665,15.361,TCD,Africa,Muslims,2000,,
,Chad,18.665,15.361,TCD,Africa,Muslims,2005,,
0,Chad,18.665,15.361,TCD,Africa,Muslims,2010,6.579999924,0
,Chad,18.665,15.361,TCD,Africa,Muslims,2015,,
,Chad,18.665,15.361,TCD,Africa,Muslims,2018,,
1,Anguilla,-63.032,18.237,,South/Latin America,No record,2000,,
,Anguilla,-63.032,18.237,,South/Latin America,No record,2005,,
,Anguilla,-63.032,18.237,,South/Latin America,No record,2010,,
,Anguilla,-63.032,18.237,,South/Latin America,No record,2015,,
,Anguilla,-63.032,18.237,,South/Latin America,No record,2018,,
,Paraguay,-58.391,-23.236,PRY,South/Latin America,Christians,2000,,
,Paraguay,-58.391,-23.236,PRY,South/Latin America,Christians,2005,,
2,Paraguay,-58.391,-23.236,PRY,South/Latin America,Christians,2010,7.579999924,11
3,Paraguay,-58.391,-23.236,PRY,South/Latin America,Christians,2015,7.260000229,15
4,Paraguay,-58.391,-23.236,PRY,South/Latin America,Christians,2018,7.579999924,19
,Russia,96.689,61.988,RUS,Europe,Christians,2000,,
,Russia,96.689,61.988,RUS,Europe,Christians,2005,,
5,Russia,96.689,61.988,RUS,Europe,Christians,2010,15.86999989,1041
6,Russia,96.689,61.988,RUS,Europe,Christians,2015,12.47000027,707
7,Russia,96.689,61.988,RUS,Europe,Christians,2018,11.18999958,956
8,Heard Island and McDonald Islands,73.507,-53.111,,Asia & Pacific,No record,,,
,The former Yugoslav Republic of Macedonia,21.698,41.6,MKD,Europe,No record,2000,,
,The former Yugoslav Republic of Macedonia,21.698,41.6,MKD,Europe,No record,2005,,
9,The former Yugoslav Republic of Macedonia,21.698,41.6,MKD,Europe,No record,2010,5.929999828,3
10,The former Yugoslav Republic of Macedonia,21.698,41.6,MKD,Europe,No record,2015,5.929999828,2
11,The former Yugoslav Republic of Macedonia,21.698,41.6,MKD,Europe,No record,2018,6.159999847,2
12,British Indian Ocean Territory,72.416,-7.335,,Asia & Pacific,No record,,,
,Yemen,48.355,15.807,YEM,Middle east,Muslims,2000,,
,Yemen,48.355,15.807,YEM,Middle east,Muslims,2005,,
13,Yemen,48.355,15.807,YEM,Middle east,Muslims,2010,0.180000007,0
,Yemen,48.355,15.807,YEM,Middle east,Muslims,2015,,
,Yemen,48.355,15.807,YEM,Middle east,Muslims,2018,,
,Senegal,-14.881,15.013,SEN,Africa,Muslims,2000,,
,Senegal,-14.881,15.013,SEN,Africa,Muslims,2005,,
14,Senegal,-14.881,15.013,SEN,Africa,Muslims,2010,0.600000024,0
,Senegal,-14.881,15.013,SEN,Africa,Muslims,2015,,
,Senegal,-14.881,15.013,SEN,Africa,Muslims,2018,,
,Sweden,15.27,62.011,SWE,Europe,Christians,2000,,
,Sweden,15.27,62.011,SWE,Europe,Christians,2005,,
15,Sweden,15.27,62.011,SWE,Europe,Christians,2010,9.489999771,111
16,Sweden,15.27,62.011,SWE,Europe,Christians,2015,9.130000114,127
17,Sweden,15.27,62.011,SWE,Europe,Christians,2018,8.930000305,142
18,Tokelau,-171.853,-9.193,,Asia & Pacific,No record,,,
19,Kiribati,175.036,-1.508,,Asia & Pacific,Christians,,,
,Guyana,-58.974,4.792,GUY,South/Latin America,Christians,2000,,
,Guyana,-58.974,4.792,GUY,South/Latin America,Christians,2005,,
20,Guyana,-58.974,4.792,GUY,South/Latin America,Christians,2010,6.78000021,3
21,Guyana,-58.974,4.792,GUY,South/Latin America,Christians,2015,7.349999905,5
22,Guyana,-58.974,4.792,GUY,South/Latin America,Christians,2018,6.889999866,6
,Burma,96.041,21.718,MMR,Asia & Pacific,Buddhists,2000,,
,Burma,96.041,21.718,MMR,Asia & Pacific,Buddhists,2005,,
23,Burma,96.041,21.718,MMR,Asia & Pacific,Buddhists,2010,2.900000095,11
24,Burma,96.041,21.718,MMR,Asia & Pacific,Buddhists,2015,4.409999847,16
25,Burma,96.041,21.718,MMR,Asia & Pacific,Buddhists,2018,5.119999886,28
26,Eritrea,38.219,16.045,,Africa,Christians,,,
27,Jersey,-2.129,49.219,,Europe,No record,,,
,Philippines,122.466,11.118,PHL,Asia & Pacific,Christians,2000,,
,Philippines,122.466,11.118,PHL,Asia & Pacific,Christians,2005,,
28,Philippines,122.466,11.118,PHL,Asia & Pacific,Christians,2010,6.980000019,93
29,Philippines,122.466,11.118,PHL,Asia & Pacific,Christians,2015,6.699999809,328
30,Philippines,122.466,11.118,PHL,Asia & Pacific,Christians,2018,6.860000134,376
31,Djibouti,42.516,11.9,,Arab States,Muslims,2000,,
,Djibouti,42.516,11.9,,Arab States,Muslims,2005,,
,Djibouti,42.516,11.9,,Arab States,Muslims,2010,,
,Djibouti,42.516,11.9,,Arab States,Muslims,2015,,
,Djibouti,42.516,11.9,,Arab States,Muslims,2018,,
32,Norfolk Island,167.953,-29.037,,Asia & Pacific,No record,2000,,
,Norfolk Island,167.953,-29.037,,Asia & Pacific,No record,2005,,
,Norfolk Island,167.953,-29.037,,Asia & Pacific,No record,2010,,
,Norfolk Island,167.953,-29.037,,Asia & Pacific,No record,2015,,
,Norfolk Island,167.953,-29.037,,Asia & Pacific,No record,2018,,
33,Tonga,-175.185,-21.202,,Asia & Pacific,Christians,2000,,
,Tonga,-175.185,-21.202,,Asia & Pacific,Christians,2005,,
,Tonga,-175.185,-21.202,,Asia & Pacific,Christians,2010,,
,Tonga,-175.185,-21.202,,Asia & Pacific,Christians,2015,,
,Tonga,-175.185,-21.202,,Asia & Pacific,Christians,2018,,
34,Malaysia,102.195,4.201,,Asia & Pacific,Muslims,2000,,
,Malaysia,102.195,4.201,,Asia & Pacific,Muslims,2005,,
,Malaysia,102.195,4.201,,Asia & Pacific,Muslims,2010,,
,Malaysia,102.195,4.201,,Asia & Pacific,Muslims,2015,,
,Malaysia,102.195,4.201,,Asia & Pacific,Muslims,2018,,
35,Singapore,103.808,1.351,,Asia & Pacific,Buddhists,2000,,
,Singapore,103.808,1.351,,Asia & Pacific,Buddhists,2005,,
,Singapore,103.808,1.351,,Asia & Pacific,Buddhists,2010,,
,Singapore,103.808,1.351,,Asia & Pacific,Buddhists,2015,,
,Singapore,103.808,1.351,,Asia & Pacific,Buddhists,2018,,
,Fiji,177.974,-17.819,FJI,Asia & Pacific,Christians,2000,,
,Fiji,177.974,-17.819,FJI,Asia & Pacific,Christians,2005,,
36,Fiji,177.974,-17.819,FJI,Asia & Pacific,Christians,2010,3,0
37,Fiji,177.974,-17.819,FJI,Asia & Pacific,Christians,2015,3.329999924,1
38,Fiji,177.974,-17.819,FJI,Asia & Pacific,Christians,2018,3.319999933,2
,Turkey,35.179,39.061,TUR,Europe,Muslims,2000,,
,Turkey,35.179,39.061,TUR,Europe,Muslims,2005,,
39,Turkey,35.179,39.061,TUR,Europe,Muslims,2010,2.319999933,96
40,Turkey,35.179,39.061,TUR,Europe,Muslims,2015,2.119999886,93
41,Turkey,35.179,39.061,TUR,Europe,Muslims,2018,2.049999952,99
42,United States Virgin Islands,-64.785,17.741,,South/Latin America,No record,,,
,Malawi,33.808,-13.4,MWI,Africa,Christians,2000,,
,Malawi,33.808,-13.4,MWI,Africa,Christians,2005,,
43,Malawi,33.808,-13.4,MWI,Africa,Christians,2010,3.210000038,7
44,Malawi,33.808,-13.4,MWI,Africa,Christians,2015,3.619999886,9
45,Malawi,33.808,-13.4,MWI,Africa,Christians,2018,3.630000114,6
46,Western Sahara,-13.706,24.554,,Africa,No record,,,
,Iraq,43.772,33.048,IRQ,Middle east,Muslims,2000,,
,Iraq,43.772,33.048,IRQ,Middle east,Muslims,2005,,
47,Iraq,43.772,33.048,IRQ,Middle east,Muslims,2010,0.49000001,0
,Iraq,43.772,33.048,IRQ,Middle east,Muslims,2015,,
,Iraq,43.772,33.048,IRQ,Middle east,Muslims,2018,,
,Germany,9.851,51.11,DEU,Europe,Christians,2000,,
,Germany,9.851,51.11,DEU,Europe,Christians,2005,,
48,Germany,9.851,51.11,DEU,Europe,Christians,2010,12.64000034,602
,Germany,9.851,51.11,DEU,Europe,Christians,2015,,
,Germany,9.851,51.11,DEU,Europe,Christians,2018,,
,Germany,9.851,51.11,DEU,Europe,Christians,2000,,
,Germany,9.851,51.11,DEU,Europe,Christians,2005,,
,Germany,9.851,51.11,DEU,Europe,Christians,2010,,
49,Germany,9.851,51.11,DEU,Europe,Christians,2015,13.06000042,511
50,Germany,9.851,51.11,DEU,Europe,Christians,2018,12.90999985,633
51,Northern Mariana Islands,145.623,15.005,,Asia & Pacific,No record,,,
52,Comoros,43.337,-11.758,,Arab States,Muslims,2000,,
,Comoros,43.337,-11.758,,Arab States,Muslims,2005,,
,Comoros,43.337,-11.758,,Arab States,Muslims,2010,,
,Comoros,43.337,-11.758,,Arab States,Muslims,2015,,
,Comoros,43.337,-11.758,,Arab States,Muslims,2018,,
,Afghanistan,65.216,33.677,AFG,Asia & Pacific,Muslims,2000,,
,Afghanistan,65.216,33.677,AFG,Asia & Pacific,Muslims,2005,,
53,Afghanistan,65.216,33.677,AFG,Asia & Pacific,Muslims,2010,0.209999993,0
,Afghanistan,65.216,33.677,AFG,Asia & Pacific,Muslims,2015,,
,Afghanistan,65.216,33.677,AFG,Asia & Pacific,Muslims,2018,,
,Cambodia,104.564,12.714,KHM,Asia & Pacific,Buddhists,2000,,
,Cambodia,104.564,12.714,KHM,Asia & Pacific,Buddhists,2005,,
54,Cambodia,104.564,12.714,KHM,Asia & Pacific,Buddhists,2010,4.909999847,25
55,Cambodia,104.564,12.714,KHM,Asia & Pacific,Buddhists,2015,6.369999886,27
56,Cambodia,104.564,12.714,KHM,Asia & Pacific,Buddhists,2018,6.639999866,37
,Jordan,36.319,30.703,JOR,Middle east,Muslims,2000,,
,Jordan,36.319,30.703,JOR,Middle east,Muslims,2005,,
57,Jordan,36.319,30.703,JOR,Middle east,Muslims,2010,0.639999986,8
58,Jordan,36.319,30.703,JOR,Middle east,Muslims,2015,0.689999998,7
59,Jordan,36.319,30.703,JOR,Middle east,Muslims,2018,0.689999998,5
60,Maldives,72.92,3.548,,Asia & Pacific,Muslims,2000,,
,Maldives,72.92,3.548,,Asia & Pacific,Muslims,2005,,
,Maldives,72.92,3.548,,Asia & Pacific,Muslims,2010,,
,Maldives,72.92,3.548,,Asia & Pacific,Muslims,2015,,
,Maldives,72.92,3.548,,Asia & Pacific,Muslims,2018,,
,Rwanda,29.917,-1.998,RWA,Africa,Christians,2000,,
,Rwanda,29.917,-1.998,RWA,Africa,Christians,2005,,
61,Rwanda,29.917,-1.998,RWA,Africa,Christians,2010,10.27000046,0
,Rwanda,29.917,-1.998,RWA,Africa,Christians,2015,,
,Rwanda,29.917,-1.998,RWA,Africa,Christians,2018,,
62,Saint Helena,-5.71,-15.953,,Africa,No record,,,
63,Sudan,30.05,13.832,,Arab States,Muslims,2000,,
,Sudan,30.05,13.832,,Arab States,Muslims,2005,,
,Sudan,30.05,13.832,,Arab States,Muslims,2010,,
,Sudan,30.05,13.832,,Arab States,Muslims,2015,,
,Sudan,30.05,13.832,,Arab States,Muslims,2018,,
64,Palau,134.57,7.501,,Asia & Pacific,No record,,,
,France,2.55,46.565,FRA,Europe,Christians,2000,,
,France,2.55,46.565,FRA,Europe,Christians,2005,,
65,France,2.55,46.565,FRA,Europe,Christians,2010,12.39999962,840
66,France,2.55,46.565,FRA,Europe,Christians,2015,12.64000034,955
67,France,2.55,46.565,FRA,Europe,Christians,2018,12.32999992,958
68,Turks and Caicos Islands,-71.95,21.902,,South/Latin America,No record,,,
,Greece,21.766,39.666,GRC,Europe,Christians,2000,,
,Greece,21.766,39.666,GRC,Europe,Christians,2005,,
69,Greece,21.766,39.666,GRC,Europe,Christians,2010,9.670000076,26
70,Greece,21.766,39.666,GRC,Europe,Christians,2015,10.48999977,35
71,Greece,21.766,39.666,GRC,Europe,Christians,2018,10.18000031,33
,Sri Lanka,80.704,7.612,LKA,Asia & Pacific,Buddhists,2000,,
,Sri Lanka,80.704,7.612,LKA,Asia & Pacific,Buddhists,2005,,
72,Sri Lanka,80.704,7.612,LKA,Asia & Pacific,Buddhists,2010,3.920000076,2
73,Sri Lanka,80.704,7.612,LKA,Asia & Pacific,Buddhists,2015,4.099999905,2
74,Sri Lanka,80.704,7.612,LKA,Asia & Pacific,Buddhists,2018,4.099999905,2
75,Montserrat,-62.187,16.736,,South/Latin America,No record,,,
76,British Virgin Islands,-64.39,18.483,,,,,,
,Dominica,-61.356,15.475,DMA,South/Latin America,Christians,2000,,
,Dominica,-61.356,15.475,DMA,South/Latin America,Christians,2005,,
77,Dominica,-61.356,15.475,DMA,South/Latin America,Christians,2010,9.649999619,1
78,Dominica,-61.356,15.475,DMA,South/Latin America,Christians,2015,11.31999969,0
79,Dominica,-61.356,15.475,DMA,South/Latin America,Christians,2018,11.18000031,0
80,Taiwan,120.946,23.754,,Asia & Pacific,No record,,,
,Algeria,2.632,28.163,DZA,Arab States,Muslims,2000,,
,Algeria,2.632,28.163,DZA,Arab States,Muslims,2005,,
81,Algeria,2.632,28.163,DZA,Arab States,Muslims,2010,0.649999976,0
82,Algeria,2.632,28.163,DZA,Arab States,Muslims,2015,0.930000007,0
83,Algeria,2.632,28.163,DZA,Arab States,Muslims,2018,0.949999988,0
84,Equatorial Guinea,10.488,1.607,,Africa,Christians,,,
85,Togo,1.081,8.799,,Africa,Christians,,,
,Slovakia,19.491,48.707,SVK,Europe,Christians,2000,,
,Slovakia,19.491,48.707,SVK,Europe,Christians,2005,,
86,Slovakia,19.491,48.707,SVK,Europe,Christians,2010,12,21
87,Slovakia,19.491,48.707,SVK,Europe,Christians,2015,11.52999973,35
88,Slovakia,19.491,48.707,SVK,Europe,Christians,2018,11.14000034,44
89,Macau,113.545,22.2,,Asia & Pacific,No record,,,
90,Reunion,55.538,-21.122,,Asia & Pacific,No record,,,
91,South Georgia South Sandwich Islands,-36.891,-54.209,,South/Latin America,No record,,,
,Argentina,-65.167,-35.377,ARG,South/Latin America,Christians,2000,,
,Argentina,-65.167,-35.377,ARG,South/Latin America,Christians,2005,,
92,Argentina,-65.167,-35.377,ARG,South/Latin America,Christians,2010,9.090000153,71
93,Argentina,-65.167,-35.377,ARG,South/Latin America,Christians,2015,9.550000191,68
94,Argentina,-65.167,-35.377,ARG,South/Latin America,Christians,2018,9.649999619,73
,Angola,17.544,-12.296,AGO,Africa,Christians,2000,,
,Angola,17.544,-12.296,AGO,Africa,Christians,2005,,
95,Angola,17.544,-12.296,AGO,Africa,Christians,2010,8.159999847,9
96,Angola,17.544,-12.296,AGO,Africa,Christians,2015,7.960000038,8
97,Angola,17.544,-12.296,AGO,Africa,Christians,2018,6.940000057,19
,Belgium,4.664,50.643,BEL,Europe,Christians,2000,,
,Belgium,4.664,50.643,BEL,Europe,Christians,2005,,
98,Belgium,4.664,50.643,BEL,Europe,Christians,2010,11.39999962,8
99,Belgium,4.664,50.643,BEL,Europe,Christians,2015,11.81999969,32
100,Belgium,4.664,50.643,BEL,Europe,Christians,2018,11.07999992,32
101,San Marino,12.46,43.942,,Europe,No record,,,
,Ecuador,-78.497,-1.385,ECU,South/Latin America,Christians,2000,,
,Ecuador,-78.497,-1.385,ECU,South/Latin America,Christians,2005,,
102,Ecuador,-78.497,-1.385,ECU,South/Latin America,Christians,2010,6.159999847,7
103,Ecuador,-78.497,-1.385,ECU,South/Latin America,Christians,2015,4.980000019,8
104,Ecuador,-78.497,-1.385,ECU,South/Latin America,Christians,2018,4.199999809,6
105,Qatar,51.191,25.316,,Middle east,Muslims,2000,,
,Qatar,51.191,25.316,,Middle east,Muslims,2005,,
,Qatar,51.191,25.316,,Middle east,Muslims,2010,,
,Qatar,51.191,25.316,,Middle east,Muslims,2015,,
,Qatar,51.191,25.316,,Middle east,Muslims,2018,,
106,Lesotho,28.243,-29.581,,Africa,Christians,2000,,
,Lesotho,28.243,-29.581,,Africa,Christians,2005,,
,Lesotho,28.243,-29.581,,Africa,Christians,2010,,
,Lesotho,28.243,-29.581,,Africa,Christians,2015,,
,Lesotho,28.243,-29.581,,Africa,Christians,2018,,
,Albania,20.068,41.143,ALB,Europe,Muslims,2000,,
,Albania,20.068,41.143,ALB,Europe,Muslims,2005,,
107,Albania,20.068,41.143,ALB,Europe,Muslims,2010,7.690000057,4
108,Albania,20.068,41.143,ALB,Europe,Muslims,2015,6.739999771,3
109,Albania,20.068,41.143,ALB,Europe,Muslims,2018,7.170000076,3
,Madagascar,46.706,-19.374,MDG,Africa,Christians,2000,,
,Madagascar,46.706,-19.374,MDG,Africa,Christians,2005,,
110,Madagascar,46.706,-19.374,MDG,Africa,Christians,2010,1.870000005,2
111,Madagascar,46.706,-19.374,MDG,Africa,Christians,2015,1.879999995,5
112,Madagascar,46.706,-19.374,MDG,Africa,Christians,2018,1.970000029,6
,Finland,26.272,64.504,FIN,Europe,Christians,2000,,
,Finland,26.272,64.504,FIN,Europe,Christians,2005,,
113,Finland,26.272,64.504,FIN,Europe,Christians,2010,12.59000015,44
114,Finland,26.272,64.504,FIN,Europe,Christians,2015,11.18000031,52
115,Finland,26.272,64.504,FIN,Europe,Christians,2018,10.77999973,45
116,New Caledonia,165.447,-21.359,,Asia & Pacific,No record,,,
117,ï¿½land Islands,19.952,60.198,,Europe,No record,,,
,Ghana,-1.207,7.96,GHA,Africa,Christians,2000,,
,Ghana,-1.207,7.96,GHA,Africa,Christians,2005,,
118,Ghana,-1.207,7.96,GHA,Africa,Christians,2010,4.260000229,11
119,Ghana,-1.207,7.96,GHA,Africa,Christians,2015,3.119999886,33
120,Ghana,-1.207,7.96,GHA,Africa,Christians,2018,2.75,32
,Nicaragua,-85.034,12.84,NIC,South/Central America,Christians,2000,,
,Nicaragua,-85.034,12.84,NIC,South/Central America,Christians,2005,,
121,Nicaragua,-85.034,12.84,NIC,South/Central America,Christians,2010,4.789999962,21
122,Nicaragua,-85.034,12.84,NIC,South/Central America,Christians,2015,5.03000021,23
123,Nicaragua,-85.034,12.84,NIC,South/Central America,Christians,2018,5.179999828,24
124,Brunei Darussalam,114.591,4.468,,Asia & Pacific,Muslims,2000,,
,Brunei Darussalam,114.591,4.468,,Asia & Pacific,Muslims,2005,,
,Brunei Darussalam,114.591,4.468,,Asia & Pacific,Muslims,2010,,
,Brunei Darussalam,114.591,4.468,,Asia & Pacific,Muslims,2015,,
,Brunei Darussalam,114.591,4.468,,Asia & Pacific,Muslims,2018,,
125,Guernsey,-2.576,49.459,,Europe,No record,,,
,Benin,2.469,10.541,BEN,Africa,Christians,2000,,
,Benin,2.469,10.541,BEN,Africa,Christians,2005,,
126,Benin,2.469,10.541,BEN,Africa,Christians,2010,2.470000029,0
,Benin,2.469,10.541,BEN,Africa,Christians,2015,,
,Benin,2.469,10.541,BEN,Africa,Christians,2018,,
,Peru,-75.552,-9.326,PER,South/Latin America,Christians,2000,,
,Peru,-75.552,-9.326,PER,South/Latin America,Christians,2005,,
127,Peru,-75.552,-9.326,PER,South/Latin America,Christians,2010,7.690000057,120
128,Peru,-75.552,-9.326,PER,South/Latin America,Christians,2015,6.630000114,110
129,Peru,-75.552,-9.326,PER,South/Latin America,Christians,2018,6.380000114,122
130,Sierra Leone,-11.792,8.56,,Africa,Muslims,,,
,Bahamas,-78.014,24.628,BHS,South/Latin America,Christians,2000,,
,Bahamas,-78.014,24.628,BHS,South/Latin America,Christians,2005,,
131,Bahamas,-78.014,24.628,BHS,South/Latin America,Christians,2010,4.119999886,11
132,Bahamas,-78.014,24.628,BHS,South/Latin America,Christians,2015,4.550000191,12
133,Bahamas,-78.014,24.628,BHS,South/Latin America,Christians,2018,4.78000021,11
134,China,106.514,33.42,CHN,Asia & Pacific,Unaffiliated,2000,,
,China,106.514,33.42,CHN,Asia & Pacific,Unaffiliated,2005,,
135,China,106.514,33.42,CHN,Asia & Pacific,Unaffiliated,2010,7.070000172,8564
136,,,,,,,,,
137,China,106.514,33.42,CHN,Asia & Pacific,Unaffiliated,2015,7.150000095,11690
138,,,,,,,,,
139,China,106.514,33.42,CHN,Asia & Pacific,Unaffiliated,2018,7.050000191,11649
,India,78.5,21,IND,Asia & Pacific,Hindus,2000,,
,India,78.5,21,IND,Asia & Pacific,Hindus,2005,,
140,India,78.5,21,IND,Asia & Pacific,Hindus,2010,4.349999905,1950
141,India,78.5,21,IND,Asia & Pacific,Hindus,2015,5.539999962,3088
142,India,78.5,21,IND,Asia & Pacific,Hindus,2018,5.539999962,3426
,United States,-98.606,39.622,USA,North America,Christians,2000,,
,United States,-98.606,39.622,USA,North America,Christians,2005,,
143,United States,-98.606,39.622,USA,North America,Christians,2010,9.359999657,1500
144,United States,-98.606,39.622,USA,North America,Christians,2015,9.819999695,1720
145,United States,-98.606,39.622,USA,North America,Christians,2018,9.869999886,1043
,Belarus,28.047,53.54,BLR,Europe,Christians,2000,,
,Belarus,28.047,53.54,BLR,Europe,Christians,2005,,
146,Belarus,28.047,53.54,BLR,Europe,Christians,2010,17.43000031,152
147,Belarus,28.047,53.54,BLR,Europe,Christians,2015,12,117
148,Belarus,28.047,53.54,BLR,Europe,Christians,2018,11.44999981,168
149,American Samoa,-170.73,-14.318,,Asia & Pacific,No record,,,
150,Kuwait,47.376,29.476,,Middle east,Muslims,2000,,
,Kuwait,47.376,29.476,,Middle east,Muslims,2005,,
,Kuwait,47.376,29.476,,Middle east,Muslims,2010,,
,Kuwait,47.376,29.476,,Middle east,Muslims,2015,,
,Kuwait,47.376,29.476,,Middle east,Muslims,2018,,
151,Malta,14.442,35.89,,Europe,Christians,2000,,
,Malta,14.442,35.89,,Europe,Christians,2005,,
,Malta,14.442,35.89,,Europe,Christians,2010,,
,Malta,14.442,35.89,,Europe,Christians,2015,,
,Malta,14.442,35.89,,Europe,Christians,2018,,
152,Timor-Leste,125.878,-8.822,,Asia & Pacific,No record,2000,,
,Timor-Leste,125.878,-8.822,,Asia & Pacific,No record,2005,,
,Timor-Leste,125.878,-8.822,,Asia & Pacific,No record,2010,,
,Timor-Leste,125.878,-8.822,,Asia & Pacific,No record,2015,,
,Timor-Leste,125.878,-8.822,,Asia & Pacific,No record,2018,,
153,Sao Tome and Principe,6.629,0.201,,Africa,Christians,2000,,
,Sao Tome and Principe,6.629,0.201,,Africa,Christians,2005,,
,Sao Tome and Principe,6.629,0.201,,Africa,Christians,2010,,
,Sao Tome and Principe,6.629,0.201,,Africa,Christians,2015,,
,Sao Tome and Principe,6.629,0.201,,Africa,Christians,2018,,
154,Marshall Islands,168.963,7.595,,Asia & Pacific,No record,,,
155,Somalia,48.316,9.774,,Arab States,Muslims,2000,,
,Somalia,48.316,9.774,,Arab States,Muslims,2005,,
,Somalia,48.316,9.774,,Arab States,Muslims,2010,,
,Somalia,48.316,9.774,,Arab States,Muslims,2015,,
,Somalia,48.316,9.774,,Arab States,Muslims,2018,,
156,Tuvalu,179.219,-8.514,,Asia & Pacific,No major religion,2000,,
,Tuvalu,179.219,-8.514,,Asia & Pacific,No major religion,2005,,
,Tuvalu,179.219,-8.514,,Asia & Pacific,No major religion,2010,,
,Tuvalu,179.219,-8.514,,Asia & Pacific,No major religion,2015,,
,Tuvalu,179.219,-8.514,,Asia & Pacific,No major religion,2018,,
,Chile,-69.433,-23.389,CHL,South/Latin America,Christians,2000,,
,Chile,-69.433,-23.389,CHL,South/Latin America,Christians,2005,,
157,Chile,-69.433,-23.389,CHL,South/Latin America,Christians,2010,9.31000042,23
158,Chile,-69.433,-23.389,CHL,South/Latin America,Christians,2015,9.260000229,30
159,Chile,-69.433,-23.389,CHL,South/Latin America,Christians,2018,9.069999695,21
160,Puerto Rico,-66.466,18.221,,South/Latin America,No record,2000,,
,Puerto Rico,-66.466,18.221,,South/Latin America,No record,2005,,
,Puerto Rico,-66.466,18.221,,South/Latin America,No record,2010,,
,Puerto Rico,-66.466,18.221,,South/Latin America,No record,2015,,
,Puerto Rico,-66.466,18.221,,South/Latin America,No record,2018,,
,Tajikistan,69.42,38.665,TJK,Asia & Pacific,Muslims,2000,,
,Tajikistan,69.42,38.665,TJK,Asia & Pacific,Muslims,2005,,
161,Tajikistan,69.42,38.665,TJK,Asia & Pacific,Muslims,2010,2.400000095,2
162,Tajikistan,69.42,38.665,TJK,Asia & Pacific,Muslims,2015,3.109999895,2
163,Tajikistan,69.42,38.665,TJK,Asia & Pacific,Muslims,2018,3.279999971,2
164,Martinique,-61.021,14.653,,South/Latin America,No record,,,
,United Republic of Tanzania,34.823,-6.27,TZA,Africa,Christians,2000,,
,United Republic of Tanzania,34.823,-6.27,TZA,Africa,Christians,2005,,
165,United Republic of Tanzania,34.823,-6.27,TZA,Africa,Christians,2010,9.739999771,8
166,United Republic of Tanzania,34.823,-6.27,TZA,Africa,Christians,2015,11.05000019,8
167,United Republic of Tanzania,34.823,-6.27,TZA,Africa,Christians,2018,11.27000046,10
168,Cayman Islands,-81.198,19.314,,South/Latin America,No record,,,
169,Isle of Man,-4.527,54.229,,Europe,No record,,,
,Croatia,16.693,45.723,HRV,Europe,Christians,2000,,
,Croatia,16.693,45.723,HRV,Europe,Christians,2005,,
170,Croatia,16.693,45.723,HRV,Europe,Christians,2010,10.07999992,12
171,Croatia,16.693,45.723,HRV,Europe,Christians,2015,9.069999695,17
172,Croatia,16.693,45.723,HRV,Europe,Christians,2018,9.229999542,15
173,Burundi,29.887,-3.356,,Africa,Christians,2000,,
,Burundi,29.887,-3.356,,Africa,Christians,2005,,
,Burundi,29.887,-3.356,,Africa,Christians,2010,,
,Burundi,29.887,-3.356,,Africa,Christians,2015,,
,Burundi,29.887,-3.356,,Africa,Christians,2018,,
174,Andorra,1.576,42.549,,Europe,Christians,2000,,
,Andorra,1.576,42.549,,Europe,Christians,2005,,
,Andorra,1.576,42.549,,Europe,Christians,2010,,
,Andorra,1.576,42.549,,Europe,Christians,2015,,
,Andorra,1.576,42.549,,Europe,Christians,2018,,
,Bolivia,-64.671,-16.715,BOL,South/Latin America,Christians,2000,,
,Bolivia,-64.671,-16.715,BOL,South/Latin America,Christians,2005,,
175,Bolivia,-64.671,-16.715,BOL,South/Latin America,Christians,2010,5.559999943,0
176,Bolivia,-64.671,-16.715,BOL,South/Latin America,Christians,2015,4.639999866,0
177,Bolivia,-64.671,-16.715,BOL,South/Latin America,Christians,2018,4.429999828,0
,Nigeria,8.105,9.594,NGA,Africa,Christians,2000,,
,Nigeria,8.105,9.594,NGA,Africa,Christians,2005,,
178,Nigeria,8.105,9.594,NGA,Africa,Christians,2010,11.72000027,0
,Nigeria,8.105,9.594,NGA,Africa,Christians,2015,,
,Nigeria,8.105,9.594,NGA,Africa,Christians,2018,,
179,Wallis and Futuna Islands,-178.131,-14.289,,Asia & Pacific,No record,,,
180,Gabon,11.797,-0.591,,Africa,Christians,2000,,
,Gabon,11.797,-0.591,,Africa,Christians,2005,,
,Gabon,11.797,-0.591,,Africa,Christians,2010,,
,Gabon,11.797,-0.591,,Africa,Christians,2015,,
,Gabon,11.797,-0.591,,Africa,Christians,2018,,
,Italy,12.8,42.7,ITA,Europe,Christians,2000,,
,Italy,12.8,42.7,ITA,Europe,Christians,2005,,
181,Italy,12.8,42.7,ITA,Europe,Christians,2010,7.340000153,270
182,Italy,12.8,42.7,ITA,Europe,Christians,2015,7.590000153,294
183,Italy,12.8,42.7,ITA,Europe,Christians,2018,7.840000153,331
,Suriname,-55.912,4.127,SUR,South/Latin America,Christians,2000,,
,Suriname,-55.912,4.127,SUR,South/Latin America,Christians,2005,,
184,Suriname,-55.912,4.127,SUR,South/Latin America,Christians,2010,6.21999979,3
185,Suriname,-55.912,4.127,SUR,South/Latin America,Christians,2015,5.809999943,3
186,Suriname,-55.912,4.127,SUR,South/Latin America,Christians,2018,5.329999924,3
187,Netherlands Antilles,-68.87,12.123,,South/Latin America,No record,,,
,Lithuania,23.897,55.336,LTU,Europe,Christians,2000,,
,Lithuania,23.897,55.336,LTU,Europe,Christians,2005,,
188,Lithuania,23.897,55.336,LTU,Europe,Christians,2010,15.25,22
189,Lithuania,23.897,55.336,LTU,Europe,Christians,2015,15.38000011,20
190,Lithuania,23.897,55.336,LTU,Europe,Christians,2018,13.22000027,14
,Norway,8.74,61.152,NOR,Europe,Christians,2000,,
,Norway,8.74,61.152,NOR,Europe,Christians,2005,,
191,Norway,8.74,61.152,NOR,Europe,Christians,2010,8.93999958,1
192,Norway,8.74,61.152,NOR,Europe,Christians,2015,7.519999981,2
193,Norway,8.74,61.152,NOR,Europe,Christians,2018,7.409999847,2
194,Turkmenistan,59.384,39.122,,Asia & Pacific,Muslims,2000,,
,Turkmenistan,59.384,39.122,,Asia & Pacific,Muslims,2005,,
,Turkmenistan,59.384,39.122,,Asia & Pacific,Muslims,2010,,
,Turkmenistan,59.384,39.122,,Asia & Pacific,Muslims,2015,,
,Turkmenistan,59.384,39.122,,Asia & Pacific,Muslims,2018,,
195,Saint Pierre and Miquelon,-56.325,47.042,,North America,No record,,,
,Spain,-3.649,40.227,ESP,Europe,Christians,2000,,
,Spain,-3.649,40.227,ESP,Europe,Christians,2005,,
196,Spain,-3.649,40.227,ESP,Europe,Christians,2010,10.02999973,130
197,Spain,-3.649,40.227,ESP,Europe,Christians,2015,11.31999969,171
198,Spain,-3.649,40.227,ESP,Europe,Christians,2018,12.72000027,164
,Cuba,-77.781,21.297,CUB,South/Latin America,Christians,2000,,
,Cuba,-77.781,21.297,CUB,South/Latin America,Christians,2005,,
199,Cuba,-77.781,21.297,CUB,South/Latin America,Christians,2010,5.019999981,110
200,Cuba,-77.781,21.297,CUB,South/Latin America,Christians,2015,5.670000076,152
201,Cuba,-77.781,21.297,CUB,South/Latin America,Christians,2018,5.829999924,127
202,Mauritania,-10.332,20.26,,Arab States,Muslims,2000,,
,Mauritania,-10.332,20.26,,Arab States,Muslims,2005,,
,Mauritania,-10.332,20.26,,Arab States,Muslims,2010,,
,Mauritania,-10.332,20.26,,Arab States,Muslims,2015,,
,Mauritania,-10.332,20.26,,Arab States,Muslims,2018,,
203,Guadeloupe,-61.441,16.286,,South/Latin America,No record,,,
204,French Southern and Antarctic Lands,69.117,-49.302,,Asia & Pacific,No record,,,
205,"Micronesia, Federated States of",158.235,6.883,,Asia & Pacific,No record,,,
,Central African Republic,20.483,6.571,CAF,Africa,Christians,2000,,
,Central African Republic,20.483,6.571,CAF,Africa,Christians,2005,,
206,Central African Republic,20.483,6.571,CAF,Africa,Christians,2010,3.980000019,0
,Central African Republic,20.483,6.571,CAF,Africa,Christians,2015,,
,Central African Republic,20.483,6.571,CAF,Africa,Christians,2018,,
,Denmark,9.264,56.058,DNK,Europe,Christians,2000,,
,Denmark,9.264,56.058,DNK,Europe,Christians,2001,,
207,Denmark,9.264,56.058,DNK,Europe,Christians,2010,11,47
208,Denmark,9.264,56.058,DNK,Europe,Christians,2015,10.35999966,31
209,Denmark,9.264,56.058,DNK,Europe,Christians,2018,10.26000023,31
210,Holy See (Vatican City),12.451,41.904,,Europe,No record,,,
,Niger,9.398,17.426,NER,Africa,Muslims,2000,,
,Niger,9.398,17.426,NER,Africa,Muslims,2005,,
211,Niger,9.398,17.426,NER,Africa,Muslims,2010,0.310000002,0
,Niger,9.398,17.426,NER,Africa,Muslims,2015,,
,Niger,9.398,17.426,NER,Africa,Muslims,2018,,
,Bangladesh,89.941,24.218,BGD,Asia & Pacific,Muslims,2000,,
,Bangladesh,89.941,24.218,BGD,Asia & Pacific,Muslims,2005,,
212,Bangladesh,89.941,24.218,BGD,Asia & Pacific,Muslims,2010,0.159999996,0
,Bangladesh,89.941,24.218,BGD,Asia & Pacific,Muslims,2015,,
,Bangladesh,89.941,24.218,BGD,Asia & Pacific,Muslims,2018,,
,Barbados,-59.559,13.153,BRB,South/Latin America,Christians,2000,,
,Barbados,-59.559,13.153,BRB,South/Latin America,Christians,2005,,
213,Barbados,-59.559,13.153,BRB,South/Latin America,Christians,2010,7.949999809,14
214,Barbados,-59.559,13.153,BRB,South/Latin America,Christians,2015,9.329999924,12
215,Barbados,-59.559,13.153,BRB,South/Latin America,Christians,2018,9.68999958,14
,Ireland,-8.152,53.177,IRL,Europe,Christians,2000,,
,Ireland,-8.152,53.177,IRL,Europe,Christians,2005,,
216,Ireland,-8.152,53.177,IRL,Europe,Christians,2010,12.06999969,99
217,Ireland,-8.152,53.177,IRL,Europe,Christians,2015,12.47000027,118
218,Ireland,-8.152,53.177,IRL,Europe,Christians,2018,12.88000011,144
,Congo,15.986,-0.055,COG,Africa,No record,2000,,
,Congo,15.986,-0.055,COG,Africa,No record,2005,,
219,Congo,15.986,-0.055,COG,Africa,No record,2010,6.170000076,0
,Congo,15.986,-0.055,COG,Africa,No record,2015,,
,Congo,15.986,-0.055,COG,Africa,No record,2018,,
220,Liechtenstein,9.555,47.153,,Europe,No record,2000,,
,Liechtenstein,9.555,47.153,,Europe,No record,2005,,
,Liechtenstein,9.555,47.153,,Europe,No record,2010,,
,Liechtenstein,9.555,47.153,,Europe,No record,2015,,
,Liechtenstein,9.555,47.153,,Europe,No record,2018,,
221,Svalbard,18.374,78.83,,Europe,No record,2000,,
,Svalbard,18.374,78.83,,Europe,No record,2005,,
,Svalbard,18.374,78.83,,Europe,No record,2010,,
,Svalbard,18.374,78.83,,Europe,No record,2015,,
,Svalbard,18.374,78.83,,Europe,No record,2018,,
222,Christmas Island,105.704,-10.444,,Asia & Pacific,No record,,,
223,Cocos (Keeling) Islands,96.839,-12.173,,Asia & Pacific,No record,,,
224,Swaziland,31.497,-26.562,,,,,,
,Thailand,100.844,15.7,THA,Asia & Pacific,Buddhists,2000,,
,Thailand,100.844,15.7,THA,Asia & Pacific,Buddhists,2005,,
225,Thailand,100.844,15.7,THA,Asia & Pacific,Buddhists,2010,7.710000038,694
226,Thailand,100.844,15.7,THA,Asia & Pacific,Buddhists,2015,8.359999657,735
227,Thailand,100.844,15.7,THA,Asia & Pacific,Buddhists,2018,8.300000191,823
228,Bhutan,90.429,27.415,,Asia & Pacific,Buddhists,2000,,
,Bhutan,90.429,27.415,,Asia & Pacific,Buddhists,2005,,
,Bhutan,90.429,27.415,,Asia & Pacific,Buddhists,2010,,
,Bhutan,90.429,27.415,,Asia & Pacific,Buddhists,2015,,
,Bhutan,90.429,27.415,,Asia & Pacific,Buddhists,2018,,
,Democratic Republic of the Congo,23.654,-2.876,COD,Africa,No record,2000,,
,Democratic Republic of the Congo,23.654,-2.876,COD,Africa,No record,2005,,
229,Democratic Republic of the Congo,23.654,-2.876,COD,Africa,No record,2010,1.75,467
230,Democratic Republic of the Congo,23.654,-2.876,COD,Africa,No record,2015,2.049999952,510
231,Democratic Republic of the Congo,23.654,-2.876,COD,Africa,No record,2018,2,567
232,Monaco,7.412,43.75,,Europe,No record,2000,,
,Monaco,7.412,43.75,,Europe,No record,2005,,
,Monaco,7.412,43.75,,Europe,No record,2010,,
,Monaco,7.412,43.75,,Europe,No record,2015,,
,Monaco,7.412,43.75,,Europe,No record,2018,,
,Morocco,-5.758,32.706,JAN,Arab States,Muslims,2000,,
,Morocco,-5.758,32.706,FEB,Arab States,Muslims,2005,,
233,Morocco,-5.758,32.706,MAR,Arab States,Muslims,2010,0.899999976,1
234,Morocco,-5.758,32.706,MAR,Arab States,Muslims,2015,0.699999988,1
235,Morocco,-5.758,32.706,MAR,Arab States,Muslims,2018,0.689999998,1
,Cape Verde,-23.634,15.071,CPV,Africa,Christians,2000,,
,Cape Verde,-23.634,15.071,CPV,Africa,Christians,2005,,
236,Cape Verde,-23.634,15.071,CPV,Africa,Christians,2010,7.510000229,0
237,Cape Verde,-23.634,15.071,CPV,Africa,Christians,2015,5.949999809,1
238,Cape Verde,-23.634,15.071,CPV,Africa,Christians,2018,5.599999905,1
,Panama,-80.92,8.384,PAN,South/Latin America,Christians,2000,,
,Panama,-80.92,8.384,PAN,South/Latin America,Christians,2005,,
239,Panama,-80.92,8.384,PAN,South/Latin America,Christians,2010,6.840000153,14
240,Panama,-80.92,8.384,PAN,South/Latin America,Christians,2015,7.710000038,14
241,Panama,-80.92,8.384,PAN,South/Latin America,Christians,2018,7.980000019,13
242,Hong Kong,114.129,22.423,,Asia & Pacific,No record,2000,,
,Hong Kong,114.129,22.423,,Asia & Pacific,No record,2005,,
,Hong Kong,114.129,22.423,,Asia & Pacific,No record,2010,,
,Hong Kong,114.129,22.423,,Asia & Pacific,No record,2015,,
,Hong Kong,114.129,22.423,,Asia & Pacific,No record,2018,,
243,Nauru,166.93,-0.522,,Asia & Pacific,No major religion,,,
,Ukraine,31.388,49.016,UKR,Europe,Christians,2000,,
,Ukraine,31.388,49.016,UKR,Europe,Christians,2005,,
244,Ukraine,31.388,49.016,UKR,Europe,Christians,2010,13.56999969,578
245,Ukraine,31.388,49.016,UKR,Europe,Christians,2015,10.15999985,303
246,Ukraine,31.388,49.016,UKR,Europe,Christians,2018,8.319999695,345
,Venezuela,-66.166,7.125,VEN,South/Latin America,Christians,2000,,
,Venezuela,-66.166,7.125,VEN,South/Latin America,Christians,2005,,
247,Venezuela,-66.166,7.125,VEN,South/Latin America,Christians,2010,8.670000076,75
248,Venezuela,-66.166,7.125,VEN,South/Latin America,Christians,2015,6.820000172,56
249,Venezuela,-66.166,7.125,VEN,South/Latin America,Christians,2018,4.139999866,55
,Iceland,-18.48,64.764,ISL,Europe,Christians,2000,,
,Iceland,-18.48,64.764,ISL,Europe,Christians,2005,,
250,Iceland,-18.48,64.764,ISL,Europe,Christians,2010,7.5,1
251,Iceland,-18.48,64.764,ISL,Europe,Christians,2015,8.739999771,1
252,Iceland,-18.48,64.764,ISL,Europe,Christians,2018,9.119999886,2
,Israel,34.851,31.026,ISR,Middle east,Jews,2000,,
,Israel,34.851,31.026,ISR,Middle east,Jews,2005,,
253,Israel,34.851,31.026,ISR,Middle east,Jews,2010,3.119999886,7
254,Israel,34.851,31.026,ISR,Middle east,Jews,2015,3.859999895,4
255,Israel,34.851,31.026,ISR,Middle east,Jews,2018,4.210000038,4
256,Saint Barthelemy,-63.043,18.04,,South/Latin America,No record,,,
257,Antarctica,21.304,-80.446,,Asia & Pacific,No record,2000,,
,Antarctica,21.304,-80.446,,Asia & Pacific,No record,2005,,
,Antarctica,21.304,-80.446,,Asia & Pacific,No record,2010,,
,Antarctica,21.304,-80.446,,Asia & Pacific,No record,2015,,
,Antarctica,21.304,-80.446,,Asia & Pacific,No record,2018,,
258,Saint Kitts and Nevis,-62.769,17.34,,South/Latin America,Christians,,,
259,"Virgin Islands, British",,,,South/Latin America,No record,,,
260,French Polynesia,-149.462,-17.626,,Asia & Pacific,No record,,,
261,Oman,57.407,21.656,,Middle east,Muslims,2000,,
,Oman,57.407,21.656,,Middle east,Muslims,2005,,
,Oman,57.407,21.656,,Middle east,Muslims,2010,,
,Oman,57.407,21.656,,Middle east,Muslims,2015,,
,Oman,57.407,21.656,,Middle east,Muslims,2018,,
,Cyprus,33.219,35.043,CYP,Europe,Christians,2000,,
,Cyprus,33.219,35.043,CYP,Europe,Christians,2005,,
262,Cyprus,33.219,35.043,CYP,Europe,Christians,2010,11.35000038,0
,Cyprus,33.219,35.043,CYP,Europe,Christians,2015,,
,Cyprus,33.219,35.043,CYP,Europe,Christians,2018,,
263,Gibraltar,-5.345,36.138,,Europe,No record,2000,,
,Gibraltar,-5.345,36.138,,Europe,No record,2005,,
,Gibraltar,-5.345,36.138,,Europe,No record,2010,,
,Gibraltar,-5.345,36.138,,Europe,No record,2015,,
,Gibraltar,-5.345,36.138,,Europe,No record,2018,,
264,Palestine,35.278,32.037,,Arab States,No record,2000,,
,Palestine,35.278,32.037,,Arab States,No record,2005,,
,Palestine,35.278,32.037,,Arab States,No record,2010,,
,Palestine,35.278,32.037,,Arab States,No record,2015,,
,Palestine,35.278,32.037,,Arab States,No record,2018,,
,Uruguay,-56.012,-32.8,URY,South/Latin America,Christians,2000,,
,Uruguay,-56.012,-32.8,URY,South/Latin America,Christians,2005,,
265,Uruguay,-56.012,-32.8,URY,South/Latin America,Christians,2010,7.099999905,1
266,Uruguay,-56.012,-32.8,URY,South/Latin America,Christians,2015,6.989999771,1
267,Uruguay,-56.012,-32.8,URY,South/Latin America,Christians,2018,6.920000076,1
,Cote d'Ivoire,-5.556,7.632,CIV,Africa,No record,2000,,
,Cote d'Ivoire,-5.556,7.632,CIV,Africa,No record,2005,,
268,Cote d'Ivoire,-5.556,7.632,CIV,Africa,No record,2010,2.529999971,0
,Cote d'Ivoire,-5.556,7.632,CIV,Africa,No record,2015,,
,Cote d'Ivoire,-5.556,7.632,CIV,Africa,No record,2018,,
,Mexico,-102.535,23.951,MEX,South/Latin America,Christians,2000,,
,Mexico,-102.535,23.951,MEX,South/Latin America,Christians,2005,,
269,Mexico,-102.535,23.951,MEX,South/Latin America,Christians,2010,5.210000038,242
270,Mexico,-102.535,23.951,MEX,South/Latin America,Christians,2015,4.920000076,281
271,Mexico,-102.535,23.951,MEX,South/Latin America,Christians,2018,5,319
272,Aruba,-69.977,12.517,,South/Latin America,No record,,,
273,Falkland Islands (Malvinas),-58.694,-51.665,,South/Latin America,No record,,,
,Estonia,25.793,58.674,EST,Europe,Unaffiliated,2000,,
,Estonia,25.793,58.674,EST,Europe,Unaffiliated,2005,,
274,Estonia,25.793,58.674,EST,Europe,Unaffiliated,2010,12.39000034,15
275,Estonia,25.793,58.674,EST,Europe,Unaffiliated,2015,12.39000034,20
276,Estonia,25.793,58.674,EST,Europe,Unaffiliated,2018,9.229999542,17
,Georgia,43.518,42.176,GEO,Europe,Christians,2000,,
,Georgia,43.518,42.176,GEO,Europe,Christians,2005,,
277,Georgia,43.518,42.176,GEO,Europe,Christians,2010,9.670000076,17
278,Georgia,43.518,42.176,GEO,Europe,Christians,2015,9.609999657,40
279,Georgia,43.518,42.176,GEO,Europe,Christians,2018,8.25,43
,Montenegro,19.254,42.792,MNE,Europe,Christians,2000,,
,Montenegro,19.254,42.792,MNE,Europe,Christians,2005,,
280,Montenegro,19.254,42.792,MNE,Europe,Christians,2010,15.06999969,1
281,Montenegro,19.254,42.792,MNE,Europe,Christians,2015,10.92000008,1
282,Montenegro,19.254,42.792,MNE,Europe,Christians,2018,11.47000027,1
,Zimbabwe,29.872,-19,ZWE,Africa,Christians,2000,,
,Zimbabwe,29.872,-19,ZWE,Africa,Christians,2005,,
283,Zimbabwe,29.872,-19,ZWE,Africa,Christians,2010,3.930000067,30
284,Zimbabwe,29.872,-19,ZWE,Africa,Christians,2015,4.920000076,59
285,Zimbabwe,29.872,-19,ZWE,Africa,Christians,2018,4.670000076,62
,Indonesia,114.252,-0.976,IDN,Asia & Pacific,Muslims,2000,,
,Indonesia,114.252,-0.976,IDN,Asia & Pacific,Muslims,2005,,
286,Indonesia,114.252,-0.976,IDN,Asia & Pacific,Muslims,2010,0.589999974,33
287,Indonesia,114.252,-0.976,IDN,Asia & Pacific,Muslims,2015,0.600000024,39
288,Indonesia,114.252,-0.976,IDN,Asia & Pacific,Muslims,2018,0.569999993,34
289,Libyan Arab Jamahiriya,18.023,27.044,,Middle east,Muslims,2000,,
,Libyan Arab Jamahiriya,18.023,27.044,,Middle east,Muslims,2005,,
,Libyan Arab Jamahiriya,18.023,27.044,,Middle east,Muslims,2010,,
,Libyan Arab Jamahiriya,18.023,27.044,,Middle east,Muslims,2015,,
,Libyan Arab Jamahiriya,18.023,27.044,,Middle east,Muslims,2018,,
,Saint Vincent and the Grenadines,-61.194,13.248,VCT,South/Latin America,Christians,2000,,
,Saint Vincent and the Grenadines,-61.194,13.248,VCT,South/Latin America,Christians,2005,,
290,Saint Vincent and the Grenadines,-61.194,13.248,VCT,South/Latin America,Christians,2010,7.03000021,1
291,Saint Vincent and the Grenadines,-61.194,13.248,VCT,South/Latin America,Christians,2015,8.460000038,1
292,Saint Vincent and the Grenadines,-61.194,13.248,VCT,South/Latin America,Christians,2018,9.06000042,1
293,Guam,144.707,13.385,,Asia & Pacific,No record,,,
,Guatemala,-90.398,15.256,GTM,South/Latin America,Christians,2000,,
,Guatemala,-90.398,15.256,GTM,South/Latin America,Christians,2005,,
294,Guatemala,-90.398,15.256,GTM,South/Latin America,Christians,2010,3.50999999,45
295,Guatemala,-90.398,15.256,GTM,South/Latin America,Christians,2015,2.549999952,64
296,Guatemala,-90.398,15.256,GTM,South/Latin America,Christians,2018,2.450000048,53
,Mongolia,102.876,46.056,MNG,Asia & Pacific,Buddhists,2000,,
,Mongolia,102.876,46.056,MNG,Asia & Pacific,Buddhists,2005,,
297,Mongolia,102.876,46.056,MNG,Asia & Pacific,Buddhists,2010,9.649999619,21
298,Mongolia,102.876,46.056,MNG,Asia & Pacific,Buddhists,2015,10.97000027,22
299,Mongolia,102.876,46.056,MNG,Asia & Pacific,Buddhists,2018,8.18999958,30
,Azerbaijan,47.395,40.43,AZE,Asia & Pacific,Muslims,2000,,
,Azerbaijan,47.395,40.43,AZE,Asia & Pacific,Muslims,2005,,
300,Azerbaijan,47.395,40.43,AZE,Asia & Pacific,Muslims,2010,2.970000029,97
301,Azerbaijan,47.395,40.43,AZE,Asia & Pacific,Muslims,2015,4.579999924,81
302,Azerbaijan,47.395,40.43,AZE,Asia & Pacific,Muslims,2018,4.409999847,134
,Grenada,-61.678,12.118,GRD,South/Latin America,Christians,2000,,
,Grenada,-61.678,12.118,GRD,South/Latin America,Christians,2005,,
303,Grenada,-61.678,12.118,GRD,South/Latin America,Christians,2010,8.31000042,1
304,Grenada,-61.678,12.118,GRD,South/Latin America,Christians,2015,9.069999695,1
305,Grenada,-61.678,12.118,GRD,South/Latin America,Christians,2018,9.479999542,1
,Armenia,44.563,40.534,ARM,Europe,Christians,2000,,
,Armenia,44.563,40.534,ARM,Europe,Christians,2005,,
306,Armenia,44.563,40.534,ARM,Europe,Christians,2010,5.690000057,25
307,Armenia,44.563,40.534,ARM,Europe,Christians,2015,5.840000153,26
308,Armenia,44.563,40.534,ARM,Europe,Christians,2018,5.550000191,62
,Liberia,-9.657,6.682,LBR,Africa,Christians,2000,,
,Liberia,-9.657,6.682,LBR,Africa,Christians,2005,,
309,Liberia,-9.657,6.682,LBR,Africa,Christians,2010,5.369999886,18
310,Liberia,-9.657,6.682,LBR,Africa,Christians,2015,5.699999809,19
311,Liberia,-9.657,6.682,LBR,Africa,Christians,2018,6.119999886,19
,Tunisia,9.596,35.383,TUN,Arab States,Muslims,2000,,
,Tunisia,9.596,35.383,TUN,Arab States,Muslims,2005,,
312,Tunisia,9.596,35.383,TUN,Arab States,Muslims,2010,1.399999976,1
313,Tunisia,9.596,35.383,TUN,Arab States,Muslims,2015,1.99000001,1
314,Tunisia,9.596,35.383,TUN,Arab States,Muslims,2018,2.119999886,1
,Honduras,-86.863,14.819,HND,South/Latin America,Christians,2000,,
,Honduras,-86.863,14.819,HND,South/Latin America,Christians,2005,,
315,Honduras,-86.863,14.819,HND,South/Latin America,Christians,2010,3.589999914,15
316,Honduras,-86.863,14.819,HND,South/Latin America,Christians,2015,3.49000001,20
317,Honduras,-86.863,14.819,HND,South/Latin America,Christians,2018,3.75999999,18
,Trinidad and Tobago,-61.253,10.468,TTO,South/Latin America,Christians,2000,,
,Trinidad and Tobago,-61.253,10.468,TTO,South/Latin America,Christians,2005,,
318,Trinidad and Tobago,-61.253,10.468,TTO,South/Latin America,Christians,2010,6.210000038,9
319,Trinidad and Tobago,-61.253,10.468,TTO,South/Latin America,Christians,2015,6.880000114,6
320,Trinidad and Tobago,-61.253,10.468,TTO,South/Latin America,Christians,2018,6.71999979,8
321,Saudi Arabia,44.585,24.023,,Middle east,Muslims,2000,,
,Saudi Arabia,44.585,24.023,,Middle east,Muslims,2005,,
,Saudi Arabia,44.585,24.023,,Middle east,Muslims,2010,,
,Saudi Arabia,44.585,24.023,,Middle east,Muslims,2015,,
,Saudi Arabia,44.585,24.023,,Middle east,Muslims,2018,,
,Iran (Islamic Republic of),54.301,32.565,IRN,Middle east,Muslims,2000,,
,Iran (Islamic Republic of),54.301,32.565,IRN,Middle east,Muslims,2005,,
322,Iran (Islamic Republic of),54.301,32.565,IRN,Middle east,Muslims,2010,1.00999999,0
,Iran (Islamic Republic of),54.301,32.565,IRN,Middle east,Muslims,2015,,
,Iran (Islamic Republic of),54.301,32.565,IRN,Middle east,Muslims,2018,,
,Uganda,32.386,1.28,UGA,Africa,Christians,2000,,
,Uganda,32.386,1.28,UGA,Africa,Christians,2005,,
323,Uganda,32.386,1.28,UGA,Africa,Christians,2010,13.5,10
324,Uganda,32.386,1.28,UGA,Africa,Christians,2015,15.14000034,10
325,Uganda,32.386,1.28,UGA,Africa,Christians,2018,15.09000015,11
326,French Guiana,-53.241,3.924,,South/Latin America,No record,,,
327,Mayotte,45.155,-12.777,,Africa,No record,,,
,Namibia,17.218,-22.133,NAM,Africa,Christians,2000,,
,Namibia,17.218,-22.133,NAM,Africa,Christians,2005,,
328,Namibia,17.218,-22.133,NAM,Africa,Christians,2010,1.99000001,12
329,Namibia,17.218,-22.133,NAM,Africa,Christians,2015,5.230000019,15
330,Namibia,17.218,-22.133,NAM,Africa,Christians,2018,5.429999828,9
,Switzerland,7.908,46.861,CHE,Europe,Christians,2000,,
,Switzerland,7.908,46.861,CHE,Europe,Christians,2005,,
331,Switzerland,7.908,46.861,CHE,Europe,Christians,2010,11.40999985,5
332,Switzerland,7.908,46.861,CHE,Europe,Christians,2015,11.57999992,1
333,Switzerland,7.908,46.861,CHE,Europe,Christians,2018,11.52999973,1
,Zambia,26.32,-14.614,ZMB,Africa,Christians,2000,,
,Zambia,26.32,-14.614,ZMB,Africa,Christians,2005,,
334,Zambia,26.32,-14.614,ZMB,Africa,Christians,2010,5.429999828,9
335,Zambia,26.32,-14.614,ZMB,Africa,Christians,2015,6.889999866,7
336,Zambia,26.32,-14.614,ZMB,Africa,Christians,2018,6.539999962,10
337,Pitcairn Islands,-128.316,-24.366,,Asia & Pacific,No record,,,
,Ethiopia,39.616,8.626,ETH,Africa,Christians,2000,,
,Ethiopia,39.616,8.626,ETH,Africa,Christians,2005,,
338,Ethiopia,39.616,8.626,ETH,Africa,Christians,2010,2.5,12
339,Ethiopia,39.616,8.626,ETH,Africa,Christians,2015,2.190000057,15
340,Ethiopia,39.616,8.626,ETH,Africa,Christians,2018,2.359999895,24
,Eswatini,,,SWZ,Africa,Christians,2000,,
,Eswatini,,,SWZ,Africa,Christians,2005,,
,Eswatini,,,SWZ,Africa,Christians,2010,,
341,Eswatini,,,SWZ,Africa,Christians,2015,9.840000153,2
342,Eswatini,,,SWZ,Africa,Christians,2018,10.03999996,6
,Jamaica,-77.32,18.151,JAM,South/Latin America,Christians,2000,,
,Jamaica,-77.32,18.151,JAM,South/Latin America,Christians,2005,,
343,Jamaica,-77.32,18.151,JAM,South/Latin America,Christians,2010,4.380000114,27
344,Jamaica,-77.32,18.151,JAM,South/Latin America,Christians,2015,4.190000057,27
345,Jamaica,-77.32,18.151,JAM,South/Latin America,Christians,2018,4.21999979,20
,Latvia,25.641,56.858,LVA,Europe,Christians,2000,,
,Latvia,25.641,56.858,LVA,Europe,Christians,2005,,
346,Latvia,25.641,56.858,LVA,Europe,Christians,2010,11.63000011,40
347,Latvia,25.641,56.858,LVA,Europe,Christians,2015,12.64000034,50
348,Latvia,25.641,56.858,LVA,Europe,Christians,2018,12.77000046,49
349,South Sudan,,,,Africa,No record,,,
350,United Arab Emirates,54.163,23.549,,Middle east,Muslims,2000,,
,United Arab Emirates,54.163,23.549,,Middle east,Muslims,2005,,
,United Arab Emirates,54.163,23.549,,Middle east,Muslims,2010,,
,United Arab Emirates,54.163,23.549,,Middle east,Muslims,2015,,
,United Arab Emirates,54.163,23.549,,Middle east,Muslims,2018,,
,Saint Lucia,-60.969,13.898,LCA,South/Latin America,No record,2000,,
,Saint Lucia,-60.969,13.898,LCA,South/Latin America,No record,2005,,
351,Saint Lucia,-60.969,13.898,LCA,South/Latin America,No record,2010,9.68999958,1
352,Saint Lucia,-60.969,13.898,LCA,South/Latin America,No record,2015,9.960000038,2
353,Saint Lucia,-60.969,13.898,LCA,South/Latin America,No record,2018,10.60000038,1
354,Saint Martin,-63.041,18.094,,South/Latin America,No record,,,
355,Bouvet Island,3.412,-54.422,,South/Latin America,No record,,,
,Guinea,-10.942,10.439,GIN,Africa,Muslims,2000,,
,Guinea,-10.942,10.439,GIN,Africa,Muslims,2005,,
356,Guinea,-10.942,10.439,GIN,Africa,Muslims,2010,0.699999988,0
,Guinea,-10.942,10.439,GIN,Africa,Muslims,2015,,
,Guinea,-10.942,10.439,GIN,Africa,Muslims,2018,,
,Canada,-109.433,59.081,CAN,North America,Christians,2000,,
,Canada,-109.433,59.081,CAN,North America,Christians,2005,,
357,Canada,-109.433,59.081,CAN,North America,Christians,2010,10.10000038,102
358,Canada,-109.433,59.081,CAN,North America,Christians,2015,8.880000114,125
359,Canada,-109.433,59.081,CAN,North America,Christians,2018,8.93999958,84
360,Seychelles,55.474,-4.647,,Africa,Christians,2000,,
,Seychelles,55.474,-4.647,,Africa,Christians,2005,,
,Seychelles,55.474,-4.647,,Africa,Christians,2010,,
,Seychelles,55.474,-4.647,,Africa,Christians,2015,,
,Seychelles,55.474,-4.647,,Africa,Christians,2018,,
361,Faroe Islands,-6.864,62.05,,Europe,No record,,,
,Kyrgyzstan,74.555,41.465,KGZ,Asia & Pacific,Muslims,2000,,
,Kyrgyzstan,74.555,41.465,KGZ,Asia & Pacific,Muslims,2005,,
362,Kyrgyzstan,74.555,41.465,KGZ,Asia & Pacific,Muslims,2010,10.07999992,13
363,Kyrgyzstan,74.555,41.465,KGZ,Asia & Pacific,Muslims,2015,7.590000153,22
364,Kyrgyzstan,74.555,41.465,KGZ,Asia & Pacific,Muslims,2018,6.260000229,22
365,Samoa,-172.414,-13.652,,Asia & Pacific,Christians,2000,,
,Samoa,-172.414,-13.652,,Asia & Pacific,Christians,2005,,
,Samoa,-172.414,-13.652,,Asia & Pacific,Christians,2010,,
,Samoa,-172.414,-13.652,,Asia & Pacific,Christians,2015,,
,Samoa,-172.414,-13.652,,Asia & Pacific,Christians,2018,,
,Uzbekistan,63.17,41.75,UZB,Asia & Pacific,Muslims,2000,,
,Uzbekistan,63.17,41.75,UZB,Asia & Pacific,Muslims,2005,,
366,Uzbekistan,63.17,41.75,UZB,Asia & Pacific,Muslims,2010,3.00999999,96
367,Uzbekistan,63.17,41.75,UZB,Asia & Pacific,Muslims,2015,2.589999914,142
368,Uzbekistan,63.17,41.75,UZB,Asia & Pacific,Muslims,2018,2.589999914,74
,Czech Republic,15.338,49.743,CZE,Europe,No record,2000,,
,Czech Republic,15.338,49.743,CZE,Europe,No record,2005,,
369,Czech Republic,15.338,49.743,CZE,Europe,No record,2010,14.06000042,50
370,Czech Republic,15.338,49.743,CZE,Europe,No record,2015,14.25,153
371,Czech Republic,15.338,49.743,CZE,Europe,No record,2018,14.44999981,149
,Mozambique,37.923,-14.422,MOZ,Africa,Christians,2000,,
,Mozambique,37.923,-14.422,MOZ,Africa,Christians,2005,,
372,Mozambique,37.923,-14.422,MOZ,Africa,Christians,2010,1.629999995,3
373,Mozambique,37.923,-14.422,MOZ,Africa,Christians,2015,2.190000057,19
,Mozambique,37.923,-14.422,MOZ,Africa,Christians,2018,,
374,Cook Islands,-159.782,-21.219,,Asia & Pacific,No record,,,
,Belize,-88.602,17.219,BLZ,South/Latin America,Christians,2000,,
,Belize,-88.602,17.219,BLZ,South/Latin America,Christians,2005,,
375,Belize,-88.602,17.219,BLZ,South/Latin America,Christians,2010,7.079999924,1
376,Belize,-88.602,17.219,BLZ,South/Latin America,Christians,2015,6.739999771,2
377,Belize,-88.602,17.219,BLZ,South/Latin America,Christians,2018,6.21999979,4
,Brazil,-53.089,-10.772,BRA,South/Latin America,Christians,2000,,
,Brazil,-53.089,-10.772,BRA,South/Latin America,Christians,2005,,
378,Brazil,-53.089,-10.772,BRA,South/Latin America,Christians,2010,8.489999771,575
379,Brazil,-53.089,-10.772,BRA,South/Latin America,Christians,2015,7.860000134,265
380,Brazil,-53.089,-10.772,BRA,South/Latin America,Christians,2018,7.420000076,236
,Gambia,-15.386,13.453,GMB,Africa,Muslims,2000,,
,Gambia,-15.386,13.453,GMB,Africa,Muslims,2005,,
381,Gambia,-15.386,13.453,GMB,Africa,Muslims,2010,3.809999943,0
,Gambia,-15.386,13.453,GMB,Africa,Muslims,2015,,
,Gambia,-15.386,13.453,GMB,Africa,Muslims,2018,,
,Kenya,37.858,0.53,KEN,Africa,Christians,2000,,
,Kenya,37.858,0.53,KEN,Africa,Christians,2005,,
382,Kenya,37.858,0.53,KEN,Africa,Christians,2010,3.289999962,31
383,Kenya,37.858,0.53,KEN,Africa,Christians,2015,2.769999981,40
384,Kenya,37.858,0.53,KEN,Africa,Christians,2018,2.779999971,29
385,Lebanon,35.888,33.92,,Middle east,Muslims,2000,,
,Lebanon,35.888,33.92,,Middle east,Muslims,2005,,
,Lebanon,35.888,33.92,,Middle east,Muslims,2010,,
,Lebanon,35.888,33.92,,Middle east,Muslims,2015,,
,Lebanon,35.888,33.92,,Middle east,Muslims,2018,,
,Lao People's Democratic Republic,102.471,19.905,LAO,Asia & Pacific,Buddhists,2000,,
,Lao People's Democratic Republic,102.471,19.905,LAO,Asia & Pacific,Buddhists,2005,,
386,Lao People's Democratic Republic,102.471,19.905,LAO,Asia & Pacific,Buddhists,2010,7.099999905,36
387,Lao People's Democratic Republic,102.471,19.905,LAO,Asia & Pacific,Buddhists,2015,10.05000019,41
388,Lao People's Democratic Republic,102.471,19.905,LAO,Asia & Pacific,Buddhists,2018,10.72000027,38
,Antigua and Barbuda,-61.783,17.078,ATG,South/Latin America,Christians,2000,,
,Antigua and Barbuda,-61.783,17.078,ATG,South/Latin America,Christians,2005,,
389,Antigua and Barbuda,-61.783,17.078,ATG,South/Latin America,Christians,2010,5.599999905,0
,Antigua and Barbuda,-61.783,17.078,ATG,South/Latin America,Christians,2015,,
,Antigua and Barbuda,-61.783,17.078,ATG,South/Latin America,Christians,2018,,
,Slovenia,14.827,46.124,SVN,Europe,Christians,2000,,
,Slovenia,14.827,46.124,SVN,Europe,Christians,2005,,
390,Slovenia,14.827,46.124,SVN,Europe,Christians,2010,11.53999996,0
391,Slovenia,14.827,46.124,SVN,Europe,Christians,2015,12.73999977,0
392,Slovenia,14.827,46.124,SVN,Europe,Christians,2018,11.89999962,0
,Dominican Republic,-70.729,19.015,DOM,South/Latin America,Christians,2000,,
,Dominican Republic,-70.729,19.015,DOM,South/Latin America,Christians,2005,,
393,Dominican Republic,-70.729,19.015,DOM,South/Latin America,Christians,2010,6.110000134,57
394,Dominican Republic,-70.729,19.015,DOM,South/Latin America,Christians,2015,6.610000134,47
395,Dominican Republic,-70.729,19.015,DOM,South/Latin America,Christians,2018,6.679999828,47
,Viet Nam,105.314,21.491,VNM,Asia & Pacific,Folk_Religions,2000,,
,Viet Nam,105.314,21.491,VNM,Asia & Pacific,Folk_Religions,2005,,
396,Viet Nam,105.314,21.491,VNM,Asia & Pacific,Folk_Religions,2010,4.900000095,349
397,Viet Nam,105.314,21.491,VNM,Asia & Pacific,Folk_Religions,2015,7.860000134,310
398,Viet Nam,105.314,21.491,VNM,Asia & Pacific,Folk_Religions,2018,8.659999847,316
,Botswana,23.815,-22.182,BWA,Africa,Christians,2000,,
,Botswana,23.815,-22.182,BWA,Africa,Christians,2005,,
399,Botswana,23.815,-22.182,BWA,Africa,Christians,2010,8.619999886,3
400,Botswana,23.815,-22.182,BWA,Africa,Christians,2015,6.860000134,4
401,Botswana,23.815,-22.182,BWA,Africa,Christians,2018,6.590000153,5
,Japan,139.068,36.491,JPN,Asia & Pacific,Unaffiliated,2000,,
,Japan,139.068,36.491,JPN,Asia & Pacific,Unaffiliated,2005,,
402,Japan,139.068,36.491,JPN,Asia & Pacific,Unaffiliated,2010,7.199999809,1064
403,Japan,139.068,36.491,JPN,Asia & Pacific,Unaffiliated,2015,7.869999886,999
404,Japan,139.068,36.491,JPN,Asia & Pacific,Unaffiliated,2018,7.960000038,576
405,Luxembourg,6.088,49.771,,Europe,Christians,2000,,
,Luxembourg,6.088,49.771,,Europe,Christians,2005,,
,Luxembourg,6.088,49.771,,Europe,Christians,2010,,
,Luxembourg,6.088,49.771,,Europe,Christians,2015,,
,Luxembourg,6.088,49.771,,Europe,Christians,2018,,
,New Zealand,172.235,-42.634,NZL,Asia & Pacific,Christians,2000,,
,New Zealand,172.235,-42.634,NZL,Asia & Pacific,Christians,2005,,
406,New Zealand,172.235,-42.634,NZL,Asia & Pacific,Christians,2010,11.31999969,13
407,New Zealand,172.235,-42.634,NZL,Asia & Pacific,Christians,2015,10.43999958,6
408,New Zealand,172.235,-42.634,NZL,Asia & Pacific,Christians,2018,10.63000011,8
409,United States Minor Outlying Islands,-160.027,-0.385,,Asia & Pacific,No record,,,
,Bosnia and Herzegovina,17.786,44.169,BIH,Europe,Christians,2000,,
,Bosnia and Herzegovina,17.786,44.169,BIH,Europe,Christians,2005,,
410,Bosnia and Herzegovina,17.786,44.169,BIH,Europe,Christians,2010,7.320000172,70
411,Bosnia and Herzegovina,17.786,44.169,BIH,Europe,Christians,2015,6.920000076,57
412,Bosnia and Herzegovina,17.786,44.169,BIH,Europe,Christians,2018,7.150000095,100
413,Greenland,-41.391,74.719,,Europe,No record,2000,,
,Greenland,-41.391,74.719,,Europe,No record,2005,,
,Greenland,-41.391,74.719,,Europe,No record,2010,,
,Greenland,-41.391,74.719,,Europe,No record,2015,,
,Greenland,-41.391,74.719,,Europe,No record,2018,,
,Haiti,-72.278,19.142,HTI,South/Latin America,Christians,2000,,
,Haiti,-72.278,19.142,HTI,South/Latin America,Christians,2005,,
414,Haiti,-72.278,19.142,HTI,South/Latin America,Christians,2010,2.99000001,94
415,Haiti,-72.278,19.142,HTI,South/Latin America,Christians,2015,2.690000057,113
416,Haiti,-72.278,19.142,HTI,South/Latin America,Christians,2018,2.730000019,124
,Poland,19.401,52.125,POL,Europe,Christians,2000,,
,Poland,19.401,52.125,POL,Europe,Christians,2005,,
417,Poland,19.401,52.125,POL,Europe,Christians,2010,11.21000004,188
418,Poland,19.401,52.125,POL,Europe,Christians,2015,11.63000011,192
419,Poland,19.401,52.125,POL,Europe,Christians,2018,11.71000004,236
,Portugal,-8.058,40.309,PRT,Europe,Christians,2000,,
,Portugal,-8.058,40.309,PRT,Europe,Christians,2005,,
420,Portugal,-8.058,40.309,PRT,Europe,Christians,2010,12.51000023,60
421,Portugal,-8.058,40.309,PRT,Europe,Christians,2015,11.88000011,70
422,Portugal,-8.058,40.309,PRT,Europe,Christians,2018,12.02999973,68
,Republic of Moldova,28.599,47.193,MDA,Europe,Christians,2000,,
,Republic of Moldova,28.599,47.193,MDA,Europe,Christians,2005,,
423,Republic of Moldova,28.599,47.193,MDA,Europe,Christians,2010,15.53999996,14
424,Republic of Moldova,28.599,47.193,MDA,Europe,Christians,2015,11.86999989,20
425,Republic of Moldova,28.599,47.193,MDA,Europe,Christians,2018,11.43000031,19
,Australia,136.189,-24.973,AUS,Asia & Pacific,Christians,2000,,
,Australia,136.189,-24.973,AUS,Asia & Pacific,Christians,2005,,
426,Australia,136.189,-24.973,AUS,Asia & Pacific,Christians,2010,12.39000034,3
427,Australia,136.189,-24.973,AUS,Asia & Pacific,Christians,2015,10.82999992,3
428,Australia,136.189,-24.973,AUS,Asia & Pacific,Christians,2018,10.51000023,5
,Cameroon,12.277,5.133,CMR,Africa,Christians,2000,,
,Cameroon,12.277,5.133,CMR,Africa,Christians,2005,,
429,Cameroon,12.277,5.133,CMR,Africa,Christians,2010,8.430000305,2
430,Cameroon,12.277,5.133,CMR,Africa,Christians,2015,6.170000076,20
431,Cameroon,12.277,5.133,CMR,Africa,Christians,2018,5.650000095,20
,Papua New Guinea,143.459,-5.949,PNG,Asia & Pacific,Christians,2000,,
,Papua New Guinea,143.459,-5.949,PNG,Asia & Pacific,Christians,2005,,
432,Papua New Guinea,143.459,-5.949,PNG,Asia & Pacific,Christians,2010,1.669999957,1
433,Papua New Guinea,143.459,-5.949,PNG,Asia & Pacific,Christians,2015,1.389999986,6
434,Papua New Guinea,143.459,-5.949,PNG,Asia & Pacific,Christians,2018,1.389999986,6
,Guinea-Bissau,-14.651,12.125,GNB,Africa,Muslims,2000,,
,Guinea-Bissau,-14.651,12.125,GNB,Africa,Muslims,2005,,
435,Guinea-Bissau,-14.651,12.125,GNB,Africa,Muslims,2010,4.46999979,1
436,Guinea-Bissau,-14.651,12.125,GNB,Africa,Muslims,2015,5.050000191,1
437,Guinea-Bissau,-14.651,12.125,GNB,Africa,Muslims,2018,5.380000114,1
,Romania,24.969,45.844,ROU,Europe,Christians,2000,,
,Romania,24.969,45.844,ROU,Europe,Christians,2005,,
438,Romania,24.969,45.844,ROU,Europe,Christians,2010,13.97000027,73
439,Romania,24.969,45.844,ROU,Europe,Christians,2015,11.64000034,72
440,Romania,24.969,45.844,ROU,Europe,Christians,2018,11.73999977,129
,Bulgaria,25.231,42.761,BGR,Europe,Christians,2000,,
,Bulgaria,25.231,42.761,BGR,Europe,Christians,2005,,
441,Bulgaria,25.231,42.761,BGR,Europe,Christians,2010,11.31999969,57
442,Bulgaria,25.231,42.761,BGR,Europe,Christians,2015,12.34000015,7
443,Bulgaria,25.231,42.761,BGR,Europe,Christians,2018,12.64999962,8
444,Solomon Islands,160.109,-9.611,,Asia & Pacific,Christians,2000,,
,Solomon Islands,160.109,-9.611,,Asia & Pacific,Christians,2005,,
,Solomon Islands,160.109,-9.611,,Asia & Pacific,Christians,2010,,
,Solomon Islands,160.109,-9.611,,Asia & Pacific,Christians,2015,,
,Solomon Islands,160.109,-9.611,,Asia & Pacific,Christians,2018,,
445,"France, Metropolitan",,,,Europe,No record,,,
,Austria,14.912,47.683,AUT,Europe,Christians,2000,,
,Austria,14.912,47.683,AUT,Europe,Christians,2005,,
446,Austria,14.912,47.683,AUT,Europe,Christians,2010,12.19999981,19
447,Austria,14.912,47.683,AUT,Europe,Christians,2015,12.06999969,20
448,Austria,14.912,47.683,AUT,Europe,Christians,2018,11.96000004,20
,Nepal,83.939,28.253,NPL,Asia & Pacific,Hindus,2000,,
,Nepal,83.939,28.253,NPL,Asia & Pacific,Hindus,2005,,
449,Nepal,83.939,28.253,NPL,Asia & Pacific,Hindus,2010,1.940000057,38
450,Nepal,83.939,28.253,NPL,Asia & Pacific,Hindus,2015,2.049999952,35
451,Nepal,83.939,28.253,NPL,Asia & Pacific,Hindus,2018,2.049999952,50
,Costa Rica,-83.946,9.971,CRI,South/Latin America,Christians,2000,,
,Costa Rica,-83.946,9.971,CRI,South/Latin America,Christians,2005,,
452,Costa Rica,-83.946,9.971,CRI,South/Latin America,Christians,2010,4.800000191,38
453,Costa Rica,-83.946,9.971,CRI,South/Latin America,Christians,2015,4.760000229,39
454,Costa Rica,-83.946,9.971,CRI,South/Latin America,Christians,2018,4.869999886,41
,Egypt,29.872,26.494,EGY,Middle east,Muslims,2000,,
,Egypt,29.872,26.494,EGY,Middle east,Muslims,2005,,
455,Egypt,29.872,26.494,EGY,Middle east,Muslims,2010,0.360000014,42
456,Egypt,29.872,26.494,EGY,Middle east,Muslims,2015,0.400000006,73
,Egypt,29.872,26.494,EGY,Middle east,Muslims,2018,,
,El Salvador,-88.866,13.736,SLV,South/Latin America,Christians,2000,,
,El Salvador,-88.866,13.736,SLV,South/Latin America,Christians,2005,,
457,El Salvador,-88.866,13.736,SLV,South/Latin America,Christians,2010,3.309999943,12
458,El Salvador,-88.866,13.736,SLV,South/Latin America,Christians,2015,3.589999914,18
459,El Salvador,-88.866,13.736,SLV,South/Latin America,Christians,2018,3.890000105,16
,Kazakhstan,67.301,48.16,KAZ,Asia & Pacific,Muslims,2000,,
,Kazakhstan,67.301,48.16,KAZ,Asia & Pacific,Muslims,2005,,
460,Kazakhstan,67.301,48.16,KAZ,Asia & Pacific,Muslims,2010,4.96999979,67
461,Kazakhstan,67.301,48.16,KAZ,Asia & Pacific,Muslims,2015,4.659999847,27
462,Kazakhstan,67.301,48.16,KAZ,Asia & Pacific,Muslims,2018,4.760000229,74
,Serbia,20.806,44.032,SRB,Europe,Christians,2000,,
,Serbia,20.806,44.032,SRB,Europe,Christians,2005,,
463,Serbia,20.806,44.032,SRB,Europe,Christians,2010,11.68999958,63
464,Serbia,20.806,44.032,SRB,Europe,Christians,2015,8.699999809,78
465,Serbia,20.806,44.032,SRB,Europe,Christians,2018,8.75,60
,Burkina Faso,-1.74,12.278,BFA,Africa,Muslims,2000,,
,Burkina Faso,-1.74,12.278,BFA,Africa,Muslims,2005,,
466,Burkina Faso,-1.74,12.278,BFA,Africa,Muslims,2010,8.579999924,0
,Burkina Faso,-1.74,12.278,BFA,Africa,Muslims,2015,,
,Burkina Faso,-1.74,12.278,BFA,Africa,Muslims,2018,,
,South Africa,23.121,-30.558,ZAF,Africa,Christians,2000,,
,South Africa,23.121,-30.558,ZAF,Africa,Christians,2005,,
467,South Africa,23.121,-30.558,ZAF,Africa,Christians,2010,10.03999996,384
468,South Africa,23.121,-30.558,ZAF,Africa,Christians,2015,9.609999657,399
469,South Africa,23.121,-30.558,ZAF,Africa,Christians,2018,9.520000458,506
470,Bermuda,-64.709,32.336,,South/Latin America,No record,2000,,
,Bermuda,-64.709,32.336,,South/Latin America,No record,2005,,
,Bermuda,-64.709,32.336,,South/Latin America,No record,2010,,
,Bermuda,-64.709,32.336,,South/Latin America,No record,2015,,
,Bermuda,-64.709,32.336,,South/Latin America,No record,2018,,
,"Korea, Democratic People's Republic of",126.451,39.778,PRK,Asia & Pacific,Unaffiliated,2000,,
,"Korea, Democratic People's Republic of",126.451,39.778,PRK,Asia & Pacific,Unaffiliated,2005,,
471,"Korea, Democratic People's Republic of",126.451,39.778,PRK,Asia & Pacific,Unaffiliated,2010,3.779999971,299
472,"Korea, Democratic People's Republic of",126.451,39.778,PRK,Asia & Pacific,Unaffiliated,2015,3.819999933,333
473,"Korea, Democratic People's Republic of",126.451,39.778,PRK,Asia & Pacific,Unaffiliated,2018,3.799999952,217
474,Bahrain,50.562,26.019,,Arab States,Muslims,2000,,
,Bahrain,50.562,26.019,,Arab States,Muslims,2005,,
,Bahrain,50.562,26.019,,Arab States,Muslims,2010,,
,Bahrain,50.562,26.019,,Arab States,Muslims,2015,,
,Bahrain,50.562,26.019,,Arab States,Muslims,2018,,
,Colombia,-73.076,3.9,COL,South/Latin America,Christians,2000,,
,Colombia,-73.076,3.9,COL,South/Latin America,Christians,2005,,
475,Colombia,-73.076,3.9,COL,South/Latin America,Christians,2010,5.039999962,100
476,Colombia,-73.076,3.9,COL,South/Latin America,Christians,2015,5.78000021,79
477,Colombia,-73.076,3.9,COL,South/Latin America,Christians,2018,5.739999771,77
,Hungary,19.134,47.07,HUN,Europe,Christians,2000,,
,Hungary,19.134,47.07,HUN,Europe,Christians,2005,,
478,Hungary,19.134,47.07,HUN,Europe,Christians,2010,12.09000015,56
479,Hungary,19.134,47.07,HUN,Europe,Christians,2015,11.60000038,71
480,Hungary,19.134,47.07,HUN,Europe,Christians,2018,11.35000038,88
,Pakistan,69.386,29.967,PAK,Asia & Pacific,Muslims,2000,,
,Pakistan,69.386,29.967,PAK,Asia & Pacific,Muslims,2005,,
481,Pakistan,69.386,29.967,PAK,Asia & Pacific,Muslims,2010,0.189999998,0
,Pakistan,69.386,29.967,PAK,Asia & Pacific,Muslims,2015,,
,Pakistan,69.386,29.967,PAK,Asia & Pacific,Muslims,2018,,
482,Vanuatu,166.899,-15.376,,Asia & Pacific,Christians,2000,,
,Vanuatu,166.899,-15.376,,Asia & Pacific,Christians,2005,,
,Vanuatu,166.899,-15.376,,Asia & Pacific,Christians,2010,,
,Vanuatu,166.899,-15.376,,Asia & Pacific,Christians,2015,,
,Vanuatu,166.899,-15.376,,Asia & Pacific,Christians,2018,,
483,Niue,-169.869,-19.052,,Asia & Pacific,No record,2000,,
,Niue,-169.869,-19.052,,Asia & Pacific,No record,2005,,
,Niue,-169.869,-19.052,,Asia & Pacific,No record,2010,,
,Niue,-169.869,-19.052,,Asia & Pacific,No record,2015,,
,Niue,-169.869,-19.052,,Asia & Pacific,No record,2018,,
,Mauritius,57.583,-20.255,MUS,Africa,Hindus,2000,,
,Mauritius,57.583,-20.255,MUS,Africa,Hindus,2005,,
484,Mauritius,57.583,-20.255,MUS,Africa,Hindus,2010,3.809999943,7
485,Mauritius,57.583,-20.255,MUS,Africa,Hindus,2015,3.940000057,3
486,Mauritius,57.583,-20.255,MUS,Africa,Hindus,2018,4.349999905,3
,Syrian Arab Republic,38.506,35.013,SYR,Asia & Pacific,Muslims,2000,,
,Syrian Arab Republic,38.506,35.013,SYR,Asia & Pacific,Muslims,2005,,
487,Syrian Arab Republic,38.506,35.013,SYR,Asia & Pacific,Muslims,2010,0.879999995,7
488,Syrian Arab Republic,38.506,35.013,SYR,Asia & Pacific,Muslims,2015,0.280000001,3
489,Syrian Arab Republic,38.506,35.013,SYR,Asia & Pacific,Muslims,2018,0.239999995,3
490,United Kingdom,-1.6,53,,Europe,Christians,2000,,
,United Kingdom,-1.6,53,,Europe,Christians,2005,,
,United Kingdom,-1.6,53,,Europe,Christians,2010,,
,United Kingdom,-1.6,53,,Europe,Christians,2015,,
,United Kingdom,-1.6,53,,Europe,Christians,2018,,
,"Korea, Republic of",128.103,36.504,KOR,Asia & Pacific,Unaffiliated,2000,,
,"Korea, Republic of",128.103,36.504,KOR,Asia & Pacific,Unaffiliated,2005,,
491,"Korea, Republic of",128.103,36.504,KOR,Asia & Pacific,Unaffiliated,2010,9.970000267,129
492,"Korea, Republic of",128.103,36.504,KOR,Asia & Pacific,Unaffiliated,2015,10.03999996,233
493,"Korea, Republic of",128.103,36.504,KOR,Asia & Pacific,Unaffiliated,2018,9.699999809,249
,Mali,-3.524,17.35,MLI,Africa,Muslims,2000,,
,Mali,-3.524,17.35,MLI,Africa,Muslims,2005,,
494,Mali,-3.524,17.35,MLI,Africa,Muslims,2010,1.090000033,0
,Mali,-3.524,17.35,MLI,Africa,Muslims,2015,,
,Mali,-3.524,17.35,MLI,Africa,Muslims,2018,,
,Netherlands,5.389,52.077,NLD,Europe,Christians,2000,,
,Netherlands,5.389,52.077,NLD,Europe,Christians,2005,,
495,Netherlands,5.389,52.077,NLD,Europe,Christians,2010,10.21000004,115
496,Netherlands,5.389,52.077,NLD,Europe,Christians,2015,9.550000191,98
497,Netherlands,5.389,52.077,NLD,Europe,Christians,2018,9.609999657,97
