,Country,Longitude,Latitude,Code,Region,Major_Religion,Year,Consumption,Cirrhosis
,Chad,18.665,15.361,TCD,Africa,Muslims,2000,,
,Chad,18.665,15.361,TCD,Africa,Muslims,2005,,
,Chad,18.665,15.361,TCD,Africa,Muslims,2010,,
0,Chad,18.665,15.361,TCD,Africa,Muslims,2015,1.450000048,21.45
,Chad,18.665,15.361,TCD,Africa,Muslims,2018,,
1,Anguilla,-63.032,18.237,,South/Latin America,No record,2000,,
,Anguilla,-63.032,18.237,,South/Latin America,No record,2005,,
,Anguilla,-63.032,18.237,,South/Latin America,No record,2010,,
,Anguilla,-63.032,18.237,,South/Latin America,No record,2015,,
,Anguilla,-63.032,18.237,,South/Latin America,No record,2018,,
,Paraguay,-58.391,-23.236,PRY,South/Latin America,Christians,2000,,
,Paraguay,-58.391,-23.236,PRY,South/Latin America,Christians,2005,,
,Paraguay,-58.391,-23.236,PRY,South/Latin America,Christians,2010,,
2,Paraguay,-58.391,-23.236,PRY,South/Latin America,Christians,2015,7.260000229,52.85
,Paraguay,-58.391,-23.236,PRY,South/Latin America,Christians,2018,,
,Russia,96.689,61.988,RUS,Europe,Christians,2000,,
,Russia,96.689,61.988,RUS,Europe,Christians,2005,,
,Russia,96.689,61.988,RUS,Europe,Christians,2010,,
3,Russia,96.689,61.988,RUS,Europe,Christians,2015,12.47000027,56.75
,Russia,96.689,61.988,RUS,Europe,Christians,2018,,
4,Heard Island and McDonald Islands,73.507,-53.111,,Asia & Pacific,No record,2000,,
,Heard Island and McDonald Islands,73.507,-53.111,,Asia & Pacific,No record,2005,,
,Heard Island and McDonald Islands,73.507,-53.111,,Asia & Pacific,No record,2010,,
,Heard Island and McDonald Islands,73.507,-53.111,,Asia & Pacific,No record,2015,,
,Heard Island and McDonald Islands,73.507,-53.111,,Asia & Pacific,No record,2018,,
,The former Yugoslav Republic of Macedonia,21.698,41.6,MKD,Europe,No record,2000,,
,The former Yugoslav Republic of Macedonia,21.698,41.6,MKD,Europe,No record,2005,,
,The former Yugoslav Republic of Macedonia,21.698,41.6,MKD,Europe,No record,2010,,
5,The former Yugoslav Republic of Macedonia,21.698,41.6,MKD,Europe,No record,2015,5.929999828,59.9
,The former Yugoslav Republic of Macedonia,21.698,41.6,MKD,Europe,No record,2018,,
6,British Indian Ocean Territory,72.416,-7.335,,Asia & Pacific,No record,2000,,
,British Indian Ocean Territory,72.416,-7.335,,Asia & Pacific,No record,2005,,
,British Indian Ocean Territory,72.416,-7.335,,Asia & Pacific,No record,2010,,
,British Indian Ocean Territory,72.416,-7.335,,Asia & Pacific,No record,2015,,
,British Indian Ocean Territory,72.416,-7.335,,Asia & Pacific,No record,2018,,
,Yemen,48.355,15.807,YEM,Middle east,Muslims,2000,,
,Yemen,48.355,15.807,YEM,Middle east,Muslims,2005,,
,Yemen,48.355,15.807,YEM,Middle east,Muslims,2010,,
7,Yemen,48.355,15.807,YEM,Middle east,Muslims,2015,0.055,1.3
,Yemen,48.355,15.807,YEM,Middle east,Muslims,2018,,
,Senegal,-14.881,15.013,SEN,Africa,Muslims,2000,,
,Senegal,-14.881,15.013,SEN,Africa,Muslims,2005,,
,Senegal,-14.881,15.013,SEN,Africa,Muslims,2010,,
8,Senegal,-14.881,15.013,SEN,Africa,Muslims,2015,0.730000019,12.6
,Senegal,-14.881,15.013,SEN,Africa,Muslims,2018,,
,Sweden,15.27,62.011,SWE,Europe,Christians,2000,,
,Sweden,15.27,62.011,SWE,Europe,Christians,2005,,
,Sweden,15.27,62.011,SWE,Europe,Christians,2010,,
9,Sweden,15.27,62.011,SWE,Europe,Christians,2015,9.130000114,63.35
,Sweden,15.27,62.011,SWE,Europe,Christians,2018,,
10,Tokelau,-171.853,-9.193,,Asia & Pacific,No record,2000,,
,Tokelau,-171.853,-9.193,,Asia & Pacific,No record,2005,,
,Tokelau,-171.853,-9.193,,Asia & Pacific,No record,2010,,
,Tokelau,-171.853,-9.193,,Asia & Pacific,No record,2015,,
,Tokelau,-171.853,-9.193,,Asia & Pacific,No record,2018,,
,Kiribati,175.036,-1.508,KIR,Asia & Pacific,Christians,2000,,
,Kiribati,175.036,-1.508,KIR,Asia & Pacific,Christians,2005,,
,Kiribati,175.036,-1.508,KIR,Asia & Pacific,Christians,2010,,
11,Kiribati,175.036,-1.508,KIR,Asia & Pacific,Christians,2015,0.519999981,12.95
,Kiribati,175.036,-1.508,KIR,Asia & Pacific,Christians,2018,,
,Guyana,-58.974,4.792,GUY,South/Latin America,Christians,2000,,
,Guyana,-58.974,4.792,GUY,South/Latin America,Christians,2005,,
,Guyana,-58.974,4.792,GUY,South/Latin America,Christians,2010,,
12,Guyana,-58.974,4.792,GUY,South/Latin America,Christians,2015,7.349999905,52.65
,Guyana,-58.974,4.792,GUY,South/Latin America,Christians,2018,,
,Burma,96.041,21.718,MMR,Asia & Pacific,Buddhists,2000,,
,Burma,96.041,21.718,MMR,Asia & Pacific,Buddhists,2005,,
,Burma,96.041,21.718,MMR,Asia & Pacific,Buddhists,2010,,
13,Burma,96.041,21.718,MMR,Asia & Pacific,Buddhists,2015,4.409999847,44.45
,Burma,96.041,21.718,MMR,Asia & Pacific,Buddhists,2018,,
,Eritrea,38.219,16.045,ERI,Africa,Christians,2000,,
,Eritrea,38.219,16.045,ERI,Africa,Christians,2005,,
,Eritrea,38.219,16.045,ERI,Africa,Christians,2010,,
14,Eritrea,38.219,16.045,ERI,Africa,Christians,2015,1.419999957,19.95
,Eritrea,38.219,16.045,ERI,Africa,Christians,2018,,
15,Jersey,-2.129,49.219,,Europe,No record,2000,,
,Jersey,-2.129,49.219,,Europe,No record,2005,,
,Jersey,-2.129,49.219,,Europe,No record,2010,,
,Jersey,-2.129,49.219,,Europe,No record,2015,,
,Jersey,-2.129,49.219,,Europe,No record,2018,,
,Philippines,122.466,11.118,PHL,Asia & Pacific,Christians,2000,,
,Philippines,122.466,11.118,PHL,Asia & Pacific,Christians,2005,,
,Philippines,122.466,11.118,PHL,Asia & Pacific,Christians,2010,,
16,Philippines,122.466,11.118,PHL,Asia & Pacific,Christians,2015,6.699999809,51.55
,Philippines,122.466,11.118,PHL,Asia & Pacific,Christians,2018,,
,Djibouti,42.516,11.9,DJI,Arab States,Muslims,2000,,
,Djibouti,42.516,11.9,DJI,Arab States,Muslims,2005,,
,Djibouti,42.516,11.9,DJI,Arab States,Muslims,2010,,
17,Djibouti,42.516,11.9,DJI,Arab States,Muslims,2015,0.49000001,14.1
,Djibouti,42.516,11.9,DJI,Arab States,Muslims,2018,,
18,Norfolk Island,167.953,-29.037,,Asia & Pacific,No record,2000,,
,Norfolk Island,167.953,-29.037,,Asia & Pacific,No record,2005,,
,Norfolk Island,167.953,-29.037,,Asia & Pacific,No record,2010,,
,Norfolk Island,167.953,-29.037,,Asia & Pacific,No record,2015,,
,Norfolk Island,167.953,-29.037,,Asia & Pacific,No record,2018,,
,Tonga,-175.185,-21.202,TON,Asia & Pacific,Christians,2000,,
,Tonga,-175.185,-21.202,TON,Asia & Pacific,Christians,2005,,
,Tonga,-175.185,-21.202,TON,Asia & Pacific,Christians,2010,,
19,Tonga,-175.185,-21.202,TON,Asia & Pacific,Christians,2015,0.680000007,23.25
,Tonga,-175.185,-21.202,TON,Asia & Pacific,Christians,2018,,
,Malaysia,102.195,4.201,MYS,Asia & Pacific,Muslims,2000,,
,Malaysia,102.195,4.201,MYS,Asia & Pacific,Muslims,2005,,
,Malaysia,102.195,4.201,MYS,Asia & Pacific,Muslims,2010,,
20,Malaysia,102.195,4.201,MYS,Asia & Pacific,Muslims,2015,0.850000024,16.5
,Malaysia,102.195,4.201,MYS,Asia & Pacific,Muslims,2018,,
,Singapore,103.808,1.351,SGP,Asia & Pacific,Buddhists,2000,,
,Singapore,103.808,1.351,SGP,Asia & Pacific,Buddhists,2005,,
,Singapore,103.808,1.351,SGP,Asia & Pacific,Buddhists,2010,,
21,Singapore,103.808,1.351,SGP,Asia & Pacific,Buddhists,2015,2.069999933,32.6
,Singapore,103.808,1.351,SGP,Asia & Pacific,Buddhists,2018,,
,Fiji,177.974,-17.819,FJI,Asia & Pacific,Christians,2000,,
,Fiji,177.974,-17.819,FJI,Asia & Pacific,Christians,2005,,
,Fiji,177.974,-17.819,FJI,Asia & Pacific,Christians,2010,,
22,Fiji,177.974,-17.819,FJI,Asia & Pacific,Christians,2015,3.329999924,32.85
,Fiji,177.974,-17.819,FJI,Asia & Pacific,Christians,2018,,
,Turkey,35.179,39.061,TUR,Europe,Muslims,2000,,
,Turkey,35.179,39.061,TUR,Europe,Muslims,2005,,
,Turkey,35.179,39.061,TUR,Europe,Muslims,2010,,
23,Turkey,35.179,39.061,TUR,Europe,Muslims,2015,2.119999886,24.05
,Turkey,35.179,39.061,TUR,Europe,Muslims,2018,,
24,United States Virgin Islands,-64.785,17.741,,South/Latin America,No record,2000,,
,United States Virgin Islands,-64.785,17.741,,South/Latin America,No record,2005,,
,United States Virgin Islands,-64.785,17.741,,South/Latin America,No record,2010,,
,United States Virgin Islands,-64.785,17.741,,South/Latin America,No record,2015,,
,United States Virgin Islands,-64.785,17.741,,South/Latin America,No record,2018,,
,Malawi,33.808,-13.4,MWI,Africa,Christians,2000,,
,Malawi,33.808,-13.4,MWI,Africa,Christians,2005,,
,Malawi,33.808,-13.4,MWI,Africa,Christians,2010,,
25,Malawi,33.808,-13.4,MWI,Africa,Christians,2015,3.619999886,36.8
,Malawi,33.808,-13.4,MWI,Africa,Christians,2018,,
26,Western Sahara,-13.706,24.554,,Africa,No record,2000,,
,Western Sahara,-13.706,24.554,,Africa,No record,2005,,
,Western Sahara,-13.706,24.554,,Africa,No record,2010,,
,Western Sahara,-13.706,24.554,,Africa,No record,2015,,
,Western Sahara,-13.706,24.554,,Africa,No record,2018,,
,Iraq,43.772,33.048,IRQ,Middle east,Muslims,2000,,
,Iraq,43.772,33.048,IRQ,Middle east,Muslims,2005,,
,Iraq,43.772,33.048,IRQ,Middle east,Muslims,2010,,
27,Iraq,43.772,33.048,IRQ,Middle east,Muslims,2015,0.370000005,9.9
,Iraq,43.772,33.048,IRQ,Middle east,Muslims,2018,,
,Germany,9.851,51.11,DEU,Europe,Christians,2000,,
,Germany,9.851,51.11,DEU,Europe,Christians,2005,,
,Germany,9.851,51.11,DEU,Europe,Christians,2010,,
28,Germany,9.851,51.11,DEU,Europe,Christians,2015,13.06000042,72.5
,Germany,9.851,51.11,DEU,Europe,Christians,2018,,
29,Northern Mariana Islands,145.623,15.005,,Asia & Pacific,No record,2000,,
,Northern Mariana Islands,145.623,15.005,,Asia & Pacific,No record,2005,,
,Northern Mariana Islands,145.623,15.005,,Asia & Pacific,No record,2010,,
,Northern Mariana Islands,145.623,15.005,,Asia & Pacific,No record,2015,,
,Northern Mariana Islands,145.623,15.005,,Asia & Pacific,No record,2018,,
,Comoros,43.337,-11.758,COM,Arab States,Muslims,2000,,
,Comoros,43.337,-11.758,COM,Arab States,Muslims,2005,,
,Comoros,43.337,-11.758,COM,Arab States,Muslims,2010,,
30,Comoros,43.337,-11.758,COM,Arab States,Muslims,2015,0.879999995,15.85
,Comoros,43.337,-11.758,COM,Arab States,Muslims,2018,,
,Afghanistan,65.216,33.677,AFG,Asia & Pacific,Muslims,2000,,
,Afghanistan,65.216,33.677,AFG,Asia & Pacific,Muslims,2005,,
,Afghanistan,65.216,33.677,AFG,Asia & Pacific,Muslims,2010,,
31,Afghanistan,65.216,33.677,AFG,Asia & Pacific,Muslims,2015,0.209999993,3.3
,Afghanistan,65.216,33.677,AFG,Asia & Pacific,Muslims,2018,,
,Cambodia,104.564,12.714,KHM,Asia & Pacific,Buddhists,2000,,
,Cambodia,104.564,12.714,KHM,Asia & Pacific,Buddhists,2005,,
,Cambodia,104.564,12.714,KHM,Asia & Pacific,Buddhists,2010,,
32,Cambodia,104.564,12.714,KHM,Asia & Pacific,Buddhists,2015,6.369999886,52.25
,Cambodia,104.564,12.714,KHM,Asia & Pacific,Buddhists,2018,,
,Jordan,36.319,30.703,JOR,Middle east,Muslims,2000,,
,Jordan,36.319,30.703,JOR,Middle east,Muslims,2005,,
,Jordan,36.319,30.703,JOR,Middle east,Muslims,2010,,
33,Jordan,36.319,30.703,JOR,Middle east,Muslims,2015,0.689999998,13.95
,Jordan,36.319,30.703,JOR,Middle east,Muslims,2018,,
,Maldives,72.92,3.548,MDV,Asia & Pacific,Muslims,2000,,
,Maldives,72.92,3.548,MDV,Asia & Pacific,Muslims,2005,,
,Maldives,72.92,3.548,MDV,Asia & Pacific,Muslims,2010,,
34,Maldives,72.92,3.548,MDV,Asia & Pacific,Muslims,2015,2.069999933,24.45
,Maldives,72.92,3.548,MDV,Asia & Pacific,Muslims,2018,,
,Rwanda,29.917,-1.998,RWA,Africa,Christians,2000,,
,Rwanda,29.917,-1.998,RWA,Africa,Christians,2005,,
,Rwanda,29.917,-1.998,RWA,Africa,Christians,2010,,
35,Rwanda,29.917,-1.998,RWA,Africa,Christians,2015,9.260000229,57.55
,Rwanda,29.917,-1.998,RWA,Africa,Christians,2018,,
36,Saint Helena,-5.71,-15.953,,Africa,No record,2000,,
,Saint Helena,-5.71,-15.953,,Africa,No record,2005,,
,Saint Helena,-5.71,-15.953,,Africa,No record,2010,,
,Saint Helena,-5.71,-15.953,,Africa,No record,2015,,
,Saint Helena,-5.71,-15.953,,Africa,No record,2018,,
,Sudan,30.05,13.832,SDN,Arab States,Muslims,2000,,
,Sudan,30.05,13.832,SDN,Arab States,Muslims,2005,,
,Sudan,30.05,13.832,SDN,Arab States,Muslims,2010,,
37,Sudan,30.05,13.832,SDN,Arab States,Muslims,2015,0.519999981,11.3
,Sudan,30.05,13.832,SDN,Arab States,Muslims,2018,,
38,Palau,134.57,7.501,,Asia & Pacific,No record,2000,,
,Palau,134.57,7.501,,Asia & Pacific,No record,2005,,
,Palau,134.57,7.501,,Asia & Pacific,No record,2010,,
,Palau,134.57,7.501,,Asia & Pacific,No record,2015,,
,Palau,134.57,7.501,,Asia & Pacific,No record,2018,,
,France,2.55,46.565,FRA,Europe,Christians,2000,,
,France,2.55,46.565,FRA,Europe,Christians,2005,,
,France,2.55,46.565,FRA,Europe,Christians,2010,,
39,France,2.55,46.565,FRA,Europe,Christians,2015,12.64000034,71.15
,France,2.55,46.565,FRA,Europe,Christians,2018,,
40,Turks and Caicos Islands,-71.95,21.902,,South/Latin America,No record,2000,,
,Turks and Caicos Islands,-71.95,21.902,,South/Latin America,No record,2005,,
,Turks and Caicos Islands,-71.95,21.902,,South/Latin America,No record,2010,,
,Turks and Caicos Islands,-71.95,21.902,,South/Latin America,No record,2015,,
,Turks and Caicos Islands,-71.95,21.902,,South/Latin America,No record,2018,,
,Greece,21.766,39.666,GRC,Europe,Christians,2000,,
,Greece,21.766,39.666,GRC,Europe,Christians,2005,,
,Greece,21.766,39.666,GRC,Europe,Christians,2010,,
41,Greece,21.766,39.666,GRC,Europe,Christians,2015,10.48999977,65.5
,Greece,21.766,39.666,GRC,Europe,Christians,2018,,
,Sri Lanka,80.704,7.612,LKA,Asia & Pacific,Buddhists,2000,,
,Sri Lanka,80.704,7.612,LKA,Asia & Pacific,Buddhists,2005,,
,Sri Lanka,80.704,7.612,LKA,Asia & Pacific,Buddhists,2010,,
42,Sri Lanka,80.704,7.612,LKA,Asia & Pacific,Buddhists,2015,4.099999905,42.45
,Sri Lanka,80.704,7.612,LKA,Asia & Pacific,Buddhists,2018,,
43,Montserrat,-62.187,16.736,,South/Latin America,No record,2000,,
,Montserrat,-62.187,16.736,,South/Latin America,No record,2005,,
,Montserrat,-62.187,16.736,,South/Latin America,No record,2010,,
,Montserrat,-62.187,16.736,,South/Latin America,No record,2015,,
,Montserrat,-62.187,16.736,,South/Latin America,No record,2018,,
44,British Virgin Islands,-64.39,18.483,,,,2000,,
,British Virgin Islands,-64.39,18.483,,,,2005,,
,British Virgin Islands,-64.39,18.483,,,,2010,,
,British Virgin Islands,-64.39,18.483,,,,2015,,
,British Virgin Islands,-64.39,18.483,,,,2018,,
45,Dominica,-61.356,15.475,,South/Latin America,Christians,2000,,
,Dominica,-61.356,15.475,,South/Latin America,Christians,2005,,
,Dominica,-61.356,15.475,,South/Latin America,Christians,2010,,
,Dominica,-61.356,15.475,,South/Latin America,Christians,2015,,
,Dominica,-61.356,15.475,,South/Latin America,Christians,2018,,
46,Taiwan,120.946,23.754,,Asia & Pacific,No record,2000,,
,Taiwan,120.946,23.754,,Asia & Pacific,No record,2005,,
,Taiwan,120.946,23.754,,Asia & Pacific,No record,2010,,
,Taiwan,120.946,23.754,,Asia & Pacific,No record,2015,,
,Taiwan,120.946,23.754,,Asia & Pacific,No record,2018,,
,Algeria,2.632,28.163,DZA,Arab States,Muslims,2000,,
,Algeria,2.632,28.163,DZA,Arab States,Muslims,2005,,
,Algeria,2.632,28.163,DZA,Arab States,Muslims,2010,,
47,Algeria,2.632,28.163,DZA,Arab States,Muslims,2015,0.930000007,14.85
,Algeria,2.632,28.163,DZA,Arab States,Muslims,2018,,
,Equatorial Guinea,10.488,1.607,GNQ,Africa,Christians,2000,,
,Equatorial Guinea,10.488,1.607,GNQ,Africa,Christians,2005,,
,Equatorial Guinea,10.488,1.607,GNQ,Africa,Christians,2010,,
48,Equatorial Guinea,10.488,1.607,GNQ,Africa,Christians,2015,9.079999924,65.05
,Equatorial Guinea,10.488,1.607,GNQ,Africa,Christians,2018,,
,Togo,1.081,8.799,TGO,Africa,Christians,2000,,
,Togo,1.081,8.799,TGO,Africa,Christians,2005,,
,Togo,1.081,8.799,TGO,Africa,Christians,2010,,
49,Togo,1.081,8.799,TGO,Africa,Christians,2015,2.369999886,33.15
,Togo,1.081,8.799,TGO,Africa,Christians,2018,,
,Slovakia,19.491,48.707,SVK,Europe,Christians,2000,,
,Slovakia,19.491,48.707,SVK,Europe,Christians,2005,,
,Slovakia,19.491,48.707,SVK,Europe,Christians,2010,,
50,Slovakia,19.491,48.707,SVK,Europe,Christians,2015,11.52999973,69.75
,Slovakia,19.491,48.707,SVK,Europe,Christians,2018,,
51,Macau,113.545,22.2,,Asia & Pacific,No record,2000,,
,Macau,113.545,22.2,,Asia & Pacific,No record,2005,,
,Macau,113.545,22.2,,Asia & Pacific,No record,2010,,
,Macau,113.545,22.2,,Asia & Pacific,No record,2015,,
,Macau,113.545,22.2,,Asia & Pacific,No record,2018,,
52,Reunion,55.538,-21.122,,Asia & Pacific,No record,2000,,
,Reunion,55.538,-21.122,,Asia & Pacific,No record,2005,,
,Reunion,55.538,-21.122,,Asia & Pacific,No record,2010,,
,Reunion,55.538,-21.122,,Asia & Pacific,No record,2015,,
,Reunion,55.538,-21.122,,Asia & Pacific,No record,2018,,
53,South Georgia South Sandwich Islands,-36.891,-54.209,,South/Latin America,No record,2000,,
,South Georgia South Sandwich Islands,-36.891,-54.209,,South/Latin America,No record,2005,,
,South Georgia South Sandwich Islands,-36.891,-54.209,,South/Latin America,No record,2010,,
,South Georgia South Sandwich Islands,-36.891,-54.209,,South/Latin America,No record,2015,,
,South Georgia South Sandwich Islands,-36.891,-54.209,,South/Latin America,No record,2018,,
,Argentina,-65.167,-35.377,ARG,South/Latin America,Christians,2000,,
,Argentina,-65.167,-35.377,ARG,South/Latin America,Christians,2005,,
,Argentina,-65.167,-35.377,ARG,South/Latin America,Christians,2010,,
54,Argentina,-65.167,-35.377,ARG,South/Latin America,Christians,2015,9.550000191,63.25
,Argentina,-65.167,-35.377,ARG,South/Latin America,Christians,2018,,
,Angola,17.544,-12.296,AGO,Africa,Christians,2000,,
,Angola,17.544,-12.296,AGO,Africa,Christians,2005,,
,Angola,17.544,-12.296,AGO,Africa,Christians,2010,,
55,Angola,17.544,-12.296,AGO,Africa,Christians,2015,7.960000038,50.45
,Angola,17.544,-12.296,AGO,Africa,Christians,2018,,
,Belgium,4.664,50.643,BEL,Europe,Christians,2000,,
,Belgium,4.664,50.643,BEL,Europe,Christians,2005,,
,Belgium,4.664,50.643,BEL,Europe,Christians,2010,,
56,Belgium,4.664,50.643,BEL,Europe,Christians,2015,11.81999969,70.5
,Belgium,4.664,50.643,BEL,Europe,Christians,2018,,
57,San Marino,12.46,43.942,,Europe,No record,2000,,
,San Marino,12.46,43.942,,Europe,No record,2005,,
,San Marino,12.46,43.942,,Europe,No record,2010,,
,San Marino,12.46,43.942,,Europe,No record,2015,,
,San Marino,12.46,43.942,,Europe,No record,2018,,
,Ecuador,-78.497,-1.385,ECU,South/Latin America,Christians,2000,,
,Ecuador,-78.497,-1.385,ECU,South/Latin America,Christians,2005,,
,Ecuador,-78.497,-1.385,ECU,South/Latin America,Christians,2010,,
58,Ecuador,-78.497,-1.385,ECU,South/Latin America,Christians,2015,4.980000019,40.05
,Ecuador,-78.497,-1.385,ECU,South/Latin America,Christians,2018,,
,Qatar,51.191,25.316,QAT,Middle east,Muslims,2000,,
,Qatar,51.191,25.316,QAT,Middle east,Muslims,2005,,
,Qatar,51.191,25.316,QAT,Middle east,Muslims,2010,,
59,Qatar,51.191,25.316,QAT,Middle east,Muslims,2015,1.620000005,19.85
,Qatar,51.191,25.316,QAT,Middle east,Muslims,2018,,
,Lesotho,28.243,-29.581,LSO,Africa,Christians,2000,,
,Lesotho,28.243,-29.581,LSO,Africa,Christians,2005,,
,Lesotho,28.243,-29.581,LSO,Africa,Christians,2010,,
60,Lesotho,28.243,-29.581,LSO,Africa,Christians,2015,4.800000191,43.1
,Lesotho,28.243,-29.581,LSO,Africa,Christians,2018,,
,Albania,20.068,41.143,ALB,Europe,Muslims,2000,,
,Albania,20.068,41.143,ALB,Europe,Muslims,2005,,
,Albania,20.068,41.143,ALB,Europe,Muslims,2010,,
61,Albania,20.068,41.143,ALB,Europe,Muslims,2015,6.739999771,57.95
,Albania,20.068,41.143,ALB,Europe,Muslims,2018,,
,Madagascar,46.706,-19.374,MDG,Africa,Christians,2000,,
,Madagascar,46.706,-19.374,MDG,Africa,Christians,2005,,
,Madagascar,46.706,-19.374,MDG,Africa,Christians,2010,,
62,Madagascar,46.706,-19.374,MDG,Africa,Christians,2015,1.879999995,26
,Madagascar,46.706,-19.374,MDG,Africa,Christians,2018,,
,Finland,26.272,64.504,FIN,Europe,Christians,2000,,
,Finland,26.272,64.504,FIN,Europe,Christians,2005,,
,Finland,26.272,64.504,FIN,Europe,Christians,2010,,
63,Finland,26.272,64.504,FIN,Europe,Christians,2015,11.18000031,68.4
,Finland,26.272,64.504,FIN,Europe,Christians,2018,,
64,New Caledonia,165.447,-21.359,,Asia & Pacific,No record,2000,,
,New Caledonia,165.447,-21.359,,Asia & Pacific,No record,2005,,
,New Caledonia,165.447,-21.359,,Asia & Pacific,No record,2010,,
,New Caledonia,165.447,-21.359,,Asia & Pacific,No record,2015,,
,New Caledonia,165.447,-21.359,,Asia & Pacific,No record,2018,,
65,ï¿½land Islands,19.952,60.198,,Europe,No record,,,
,Ghana,-1.207,7.96,GHA,Africa,Christians,2000,,
,Ghana,-1.207,7.96,GHA,Africa,Christians,2005,,
,Ghana,-1.207,7.96,GHA,Africa,Christians,2010,,
66,Ghana,-1.207,7.96,GHA,Africa,Christians,2015,3.119999886,30.45
,Ghana,-1.207,7.96,GHA,Africa,Christians,2018,,
,Nicaragua,-85.034,12.84,NIC,South/Central America,Christians,2000,,
,Nicaragua,-85.034,12.84,NIC,South/Central America,Christians,2005,,
,Nicaragua,-85.034,12.84,NIC,South/Central America,Christians,2010,,
67,Nicaragua,-85.034,12.84,NIC,South/Central America,Christians,2015,5.03000021,47
,Nicaragua,-85.034,12.84,NIC,South/Central America,Christians,2018,,
,Brunei Darussalam,114.591,4.468,BRN,Asia & Pacific,Muslims,2000,,
,Brunei Darussalam,114.591,4.468,BRN,Asia & Pacific,Muslims,2005,,
,Brunei Darussalam,114.591,4.468,BRN,Asia & Pacific,Muslims,2010,,
68,Brunei Darussalam,114.591,4.468,BRN,Asia & Pacific,Muslims,2015,0.460000008,22.7
,Brunei Darussalam,114.591,4.468,BRN,Asia & Pacific,Muslims,2018,,
69,Guernsey,-2.576,49.459,,Europe,No record,2000,,
,Guernsey,-2.576,49.459,,Europe,No record,2005,,
,Guernsey,-2.576,49.459,,Europe,No record,2010,,
,Guernsey,-2.576,49.459,,Europe,No record,2015,,
,Guernsey,-2.576,49.459,,Europe,No record,2018,,
,Benin,2.469,10.541,BEN,Africa,Christians,2000,,
,Benin,2.469,10.541,BEN,Africa,Christians,2005,,
,Benin,2.469,10.541,BEN,Africa,Christians,2010,,
70,Benin,2.469,10.541,BEN,Africa,Christians,2015,2.970000029,32.6
,Benin,2.469,10.541,BEN,Africa,Christians,2018,,
,Peru,-75.552,-9.326,PER,South/Latin America,Christians,2000,,
,Peru,-75.552,-9.326,PER,South/Latin America,Christians,2005,,
,Peru,-75.552,-9.326,PER,South/Latin America,Christians,2010,,
71,Peru,-75.552,-9.326,PER,South/Latin America,Christians,2015,6.630000114,50.2
,Peru,-75.552,-9.326,PER,South/Latin America,Christians,2018,,
,Sierra Leone,-11.792,8.56,SLE,Africa,Muslims,2000,,
,Sierra Leone,-11.792,8.56,SLE,Africa,Muslims,2005,,
,Sierra Leone,-11.792,8.56,SLE,Africa,Muslims,2010,,
72,Sierra Leone,-11.792,8.56,SLE,Africa,Muslims,2015,5.630000114,48.75
,Sierra Leone,-11.792,8.56,SLE,Africa,Muslims,2018,,
,Bahamas,-78.014,24.628,BHS,South/Latin America,Christians,2000,,
,Bahamas,-78.014,24.628,BHS,South/Latin America,Christians,2005,,
,Bahamas,-78.014,24.628,BHS,South/Latin America,Christians,2010,,
73,Bahamas,-78.014,24.628,BHS,South/Latin America,Christians,2015,4.550000191,41.8
,Bahamas,-78.014,24.628,BHS,South/Latin America,Christians,2018,,
,China,106.514,33.42,CHN,Asia & Pacific,Unaffiliated,2000,,
,China,106.514,33.42,CHN,Asia & Pacific,Unaffiliated,2005,,
,China,106.514,33.42,CHN,Asia & Pacific,Unaffiliated,2010,,
74,China,106.514,33.42,CHN,Asia & Pacific,Unaffiliated,2015,7.150000095,52.1
,China,106.514,33.42,CHN,Asia & Pacific,Unaffiliated,2018,,
,India,78.5,21,IND,Asia & Pacific,Hindus,2000,,
,India,78.5,21,IND,Asia & Pacific,Hindus,2005,,
,India,78.5,21,IND,Asia & Pacific,Hindus,2010,,
75,India,78.5,21,IND,Asia & Pacific,Hindus,2015,5.539999962,46.65
,India,78.5,21,IND,Asia & Pacific,Hindus,2018,,
,United States,-98.606,39.622,USA,North America,Christians,2000,,
,United States,-98.606,39.622,USA,North America,Christians,2005,,
,United States,-98.606,39.622,USA,North America,Christians,2010,,
76,United States,-98.606,39.622,USA,North America,Christians,2015,9.819999695,66.65
,United States,-98.606,39.622,USA,North America,Christians,2018,,
,Belarus,28.047,53.54,BLR,Europe,Christians,2000,,
,Belarus,28.047,53.54,BLR,Europe,Christians,2005,,
,Belarus,28.047,53.54,BLR,Europe,Christians,2010,,
77,Belarus,28.047,53.54,BLR,Europe,Christians,2015,12,57.8
,Belarus,28.047,53.54,BLR,Europe,Christians,2018,,
78,American Samoa,-170.73,-14.318,,Asia & Pacific,No record,2000,,
,American Samoa,-170.73,-14.318,,Asia & Pacific,No record,2005,,
,American Samoa,-170.73,-14.318,,Asia & Pacific,No record,2010,,
,American Samoa,-170.73,-14.318,,Asia & Pacific,No record,2015,,
,American Samoa,-170.73,-14.318,,Asia & Pacific,No record,2018,,
,Kuwait,47.376,29.476,KWT,Middle east,Muslims,2000,,
,Kuwait,47.376,29.476,KWT,Middle east,Muslims,2005,,
,Kuwait,47.376,29.476,KWT,Middle east,Muslims,2010,,
79,Kuwait,47.376,29.476,KWT,Middle east,Muslims,2015,0.003,2.95
,Kuwait,47.376,29.476,KWT,Middle east,Muslims,2018,,
,Malta,14.442,35.89,MLT,Europe,Christians,2000,,
,Malta,14.442,35.89,MLT,Europe,Christians,2005,,
,Malta,14.442,35.89,MLT,Europe,Christians,2010,,
80,Malta,14.442,35.89,MLT,Europe,Christians,2015,7.559999943,60
,Malta,14.442,35.89,MLT,Europe,Christians,2018,,
,Timor-Leste,125.878,-8.822,TLS,Asia & Pacific,No record,2000,,
,Timor-Leste,125.878,-8.822,TLS,Asia & Pacific,No record,2005,,
,Timor-Leste,125.878,-8.822,TLS,Asia & Pacific,No record,2010,,
81,Timor-Leste,125.878,-8.822,TLS,Asia & Pacific,No record,2015,2.00999999,26.5
,Timor-Leste,125.878,-8.822,TLS,Asia & Pacific,No record,2018,,
,Sao Tome and Principe,6.629,0.201,STP,Africa,Christians,2000,,
,Sao Tome and Principe,6.629,0.201,STP,Africa,Christians,2005,,
,Sao Tome and Principe,6.629,0.201,STP,Africa,Christians,2010,,
82,Sao Tome and Principe,6.629,0.201,STP,Africa,Christians,2015,7.190000057,52
,Sao Tome and Principe,6.629,0.201,STP,Africa,Christians,2018,,
83,Marshall Islands,168.963,7.595,,Asia & Pacific,No record,2000,,
,Marshall Islands,168.963,7.595,,Asia & Pacific,No record,2005,,
,Marshall Islands,168.963,7.595,,Asia & Pacific,No record,2010,,
,Marshall Islands,168.963,7.595,,Asia & Pacific,No record,2015,,
,Marshall Islands,168.963,7.595,,Asia & Pacific,No record,2018,,
,Somalia,48.316,9.774,SOM,Arab States,Muslims,2000,,
,Somalia,48.316,9.774,SOM,Arab States,Muslims,2005,,
,Somalia,48.316,9.774,SOM,Arab States,Muslims,2010,,
84,Somalia,48.316,9.774,SOM,Arab States,Muslims,2015,0.013,4.85
,Somalia,48.316,9.774,SOM,Arab States,Muslims,2018,,
85,Tuvalu,179.219,-8.514,,Asia & Pacific,No major religion,2000,,
,Tuvalu,179.219,-8.514,,Asia & Pacific,No major religion,2005,,
,Tuvalu,179.219,-8.514,,Asia & Pacific,No major religion,2010,,
,Tuvalu,179.219,-8.514,,Asia & Pacific,No major religion,2015,,
,Tuvalu,179.219,-8.514,,Asia & Pacific,No major religion,2018,,
,Chile,-69.433,-23.389,CHL,South/Latin America,Christians,2000,,
,Chile,-69.433,-23.389,CHL,South/Latin America,Christians,2005,,
,Chile,-69.433,-23.389,CHL,South/Latin America,Christians,2010,,
86,Chile,-69.433,-23.389,CHL,South/Latin America,Christians,2015,9.260000229,62.3
,Chile,-69.433,-23.389,CHL,South/Latin America,Christians,2018,,
87,Puerto Rico,-66.466,18.221,,South/Latin America,No record,2000,,
,Puerto Rico,-66.466,18.221,,South/Latin America,No record,2005,,
,Puerto Rico,-66.466,18.221,,South/Latin America,No record,2010,,
,Puerto Rico,-66.466,18.221,,South/Latin America,No record,2015,,
,Puerto Rico,-66.466,18.221,,South/Latin America,No record,2018,,
,Tajikistan,69.42,38.665,TJK,Asia & Pacific,Muslims,2000,,
,Tajikistan,69.42,38.665,TJK,Asia & Pacific,Muslims,2005,,
,Tajikistan,69.42,38.665,TJK,Asia & Pacific,Muslims,2010,,
88,Tajikistan,69.42,38.665,TJK,Asia & Pacific,Muslims,2015,3.109999895,45.15
,Tajikistan,69.42,38.665,TJK,Asia & Pacific,Muslims,2018,,
89,Martinique,-61.021,14.653,,South/Latin America,No record,2000,,
,Martinique,-61.021,14.653,,South/Latin America,No record,2005,,
,Martinique,-61.021,14.653,,South/Latin America,No record,2010,,
,Martinique,-61.021,14.653,,South/Latin America,No record,2015,,
,Martinique,-61.021,14.653,,South/Latin America,No record,2018,,
,United Republic of Tanzania,34.823,-6.27,TZA,Africa,Christians,2000,,
,United Republic of Tanzania,34.823,-6.27,TZA,Africa,Christians,2005,,
,United Republic of Tanzania,34.823,-6.27,TZA,Africa,Christians,2010,,
90,United Republic of Tanzania,34.823,-6.27,TZA,Africa,Christians,2015,11.05000019,57.75
,United Republic of Tanzania,34.823,-6.27,TZA,Africa,Christians,2018,,
91,Cayman Islands,-81.198,19.314,,South/Latin America,No record,2000,,
,Cayman Islands,-81.198,19.314,,South/Latin America,No record,2005,,
,Cayman Islands,-81.198,19.314,,South/Latin America,No record,2010,,
,Cayman Islands,-81.198,19.314,,South/Latin America,No record,2015,,
,Cayman Islands,-81.198,19.314,,South/Latin America,No record,2018,,
92,Isle of Man,-4.527,54.229,,Europe,No record,2000,,
,Isle of Man,-4.527,54.229,,Europe,No record,2005,,
,Isle of Man,-4.527,54.229,,Europe,No record,2010,,
,Isle of Man,-4.527,54.229,,Europe,No record,2015,,
,Isle of Man,-4.527,54.229,,Europe,No record,2018,,
,Croatia,16.693,45.723,HRV,Europe,Christians,2000,,
,Croatia,16.693,45.723,HRV,Europe,Christians,2005,,
,Croatia,16.693,45.723,HRV,Europe,Christians,2010,,
93,Croatia,16.693,45.723,HRV,Europe,Christians,2015,9.069999695,63.15
,Croatia,16.693,45.723,HRV,Europe,Christians,2018,,
,Burundi,29.887,-3.356,BDI,Africa,Christians,2000,,
,Burundi,29.887,-3.356,BDI,Africa,Christians,2005,,
,Burundi,29.887,-3.356,BDI,Africa,Christians,2010,,
94,Burundi,29.887,-3.356,BDI,Africa,Christians,2015,7.03000021,53.5
,Burundi,29.887,-3.356,BDI,Africa,Christians,2018,,
95,Andorra,1.576,42.549,,Europe,Christians,2000,,
,Andorra,1.576,42.549,,Europe,Christians,2005,,
,Andorra,1.576,42.549,,Europe,Christians,2010,,
,Andorra,1.576,42.549,,Europe,Christians,2015,,
,Andorra,1.576,42.549,,Europe,Christians,2018,,
,Bolivia,-64.671,-16.715,BOL,South/Latin America,Christians,2000,,
,Bolivia,-64.671,-16.715,BOL,South/Latin America,Christians,2005,,
,Bolivia,-64.671,-16.715,BOL,South/Latin America,Christians,2010,,
96,Bolivia,-64.671,-16.715,BOL,South/Latin America,Christians,2015,4.639999866,43.35
,Bolivia,-64.671,-16.715,BOL,South/Latin America,Christians,2018,,
,Nigeria,8.105,9.594,NGA,Africa,Christians,2000,,
,Nigeria,8.105,9.594,NGA,Africa,Christians,2005,,
,Nigeria,8.105,9.594,NGA,Africa,Christians,2010,,
97,Nigeria,8.105,9.594,NGA,Africa,Christians,2015,10.81000042,66.65
,Nigeria,8.105,9.594,NGA,Africa,Christians,2018,,
98,Wallis and Futuna Islands,-178.131,-14.289,,Asia & Pacific,No record,2000,,
,Wallis and Futuna Islands,-178.131,-14.289,,Asia & Pacific,No record,2005,,
,Wallis and Futuna Islands,-178.131,-14.289,,Asia & Pacific,No record,2010,,
,Wallis and Futuna Islands,-178.131,-14.289,,Asia & Pacific,No record,2015,,
,Wallis and Futuna Islands,-178.131,-14.289,,Asia & Pacific,No record,2018,,
,Gabon,11.797,-0.591,GAB,Africa,Christians,2000,,
,Gabon,11.797,-0.591,GAB,Africa,Christians,2005,,
,Gabon,11.797,-0.591,GAB,Africa,Christians,2010,,
99,Gabon,11.797,-0.591,GAB,Africa,Christians,2015,9.569999695,64.5
,Gabon,11.797,-0.591,GAB,Africa,Christians,2018,,
,Italy,12.8,42.7,ITA,Europe,Christians,2000,,
,Italy,12.8,42.7,ITA,Europe,Christians,2005,,
,Italy,12.8,42.7,ITA,Europe,Christians,2010,,
100,Italy,12.8,42.7,ITA,Europe,Christians,2015,7.590000153,58.15
,Italy,12.8,42.7,ITA,Europe,Christians,2018,,
,Suriname,-55.912,4.127,SUR,South/Latin America,Christians,2000,,
,Suriname,-55.912,4.127,SUR,South/Latin America,Christians,2005,,
,Suriname,-55.912,4.127,SUR,South/Latin America,Christians,2010,,
101,Suriname,-55.912,4.127,SUR,South/Latin America,Christians,2015,5.809999943,45.25
,Suriname,-55.912,4.127,SUR,South/Latin America,Christians,2018,,
102,Netherlands Antilles,-68.87,12.123,,South/Latin America,No record,2000,,
,Netherlands Antilles,-68.87,12.123,,South/Latin America,No record,2005,,
,Netherlands Antilles,-68.87,12.123,,South/Latin America,No record,2010,,
,Netherlands Antilles,-68.87,12.123,,South/Latin America,No record,2015,,
,Netherlands Antilles,-68.87,12.123,,South/Latin America,No record,2018,,
,Lithuania,23.897,55.336,LTU,Europe,Christians,2000,,
,Lithuania,23.897,55.336,LTU,Europe,Christians,2005,,
,Lithuania,23.897,55.336,LTU,Europe,Christians,2010,,
103,Lithuania,23.897,55.336,LTU,Europe,Christians,2015,15.38000011,60.6
,Lithuania,23.897,55.336,LTU,Europe,Christians,2018,,
,Norway,8.74,61.152,NOR,Europe,Christians,2000,,
,Norway,8.74,61.152,NOR,Europe,Christians,2005,,
,Norway,8.74,61.152,NOR,Europe,Christians,2010,,
104,Norway,8.74,61.152,NOR,Europe,Christians,2015,7.519999981,59.05
,Norway,8.74,61.152,NOR,Europe,Christians,2018,,
,Turkmenistan,59.384,39.122,TKM,Asia & Pacific,Muslims,2000,,
,Turkmenistan,59.384,39.122,TKM,Asia & Pacific,Muslims,2005,,
,Turkmenistan,59.384,39.122,TKM,Asia & Pacific,Muslims,2010,,
105,Turkmenistan,59.384,39.122,TKM,Asia & Pacific,Muslims,2015,5.300000191,53.9
,Turkmenistan,59.384,39.122,TKM,Asia & Pacific,Muslims,2018,,
106,Saint Pierre and Miquelon,-56.325,47.042,,North America,No record,2000,,
,Saint Pierre and Miquelon,-56.325,47.042,,North America,No record,2005,,
,Saint Pierre and Miquelon,-56.325,47.042,,North America,No record,2010,,
,Saint Pierre and Miquelon,-56.325,47.042,,North America,No record,2015,,
,Saint Pierre and Miquelon,-56.325,47.042,,North America,No record,2018,,
,Spain,-3.649,40.227,ESP,Europe,Christians,2000,,
,Spain,-3.649,40.227,ESP,Europe,Christians,2005,,
,Spain,-3.649,40.227,ESP,Europe,Christians,2010,,
107,Spain,-3.649,40.227,ESP,Europe,Christians,2015,11.31999969,65.05
,Spain,-3.649,40.227,ESP,Europe,Christians,2018,,
,Cuba,-77.781,21.297,CUB,South/Latin America,Christians,2000,,
,Cuba,-77.781,21.297,CUB,South/Latin America,Christians,2005,,
,Cuba,-77.781,21.297,CUB,South/Latin America,Christians,2010,,
108,Cuba,-77.781,21.297,CUB,South/Latin America,Christians,2015,5.670000076,49.5
,Cuba,-77.781,21.297,CUB,South/Latin America,Christians,2018,,
,Mauritania,-10.332,20.26,MRT,Arab States,Muslims,2000,,
,Mauritania,-10.332,20.26,MRT,Arab States,Muslims,2005,,
,Mauritania,-10.332,20.26,MRT,Arab States,Muslims,2010,,
109,Mauritania,-10.332,20.26,MRT,Arab States,Muslims,2015,0.033,2.7
,Mauritania,-10.332,20.26,MRT,Arab States,Muslims,2018,,
110,Guadeloupe,-61.441,16.286,,South/Latin America,No record,2000,,
,Guadeloupe,-61.441,16.286,,South/Latin America,No record,2005,,
,Guadeloupe,-61.441,16.286,,South/Latin America,No record,2010,,
,Guadeloupe,-61.441,16.286,,South/Latin America,No record,2015,,
,Guadeloupe,-61.441,16.286,,South/Latin America,No record,2018,,
111,French Southern and Antarctic Lands,69.117,-49.302,,Asia & Pacific,No record,2000,,
,French Southern and Antarctic Lands,69.117,-49.302,,Asia & Pacific,No record,2005,,
,French Southern and Antarctic Lands,69.117,-49.302,,Asia & Pacific,No record,2010,,
,French Southern and Antarctic Lands,69.117,-49.302,,Asia & Pacific,No record,2015,,
,French Southern and Antarctic Lands,69.117,-49.302,,Asia & Pacific,No record,2018,,
,"Micronesia, Federated States of",158.235,6.883,FSM,Asia & Pacific,No record,2000,,
,"Micronesia, Federated States of",158.235,6.883,FSM,Asia & Pacific,No record,2005,,
,"Micronesia, Federated States of",158.235,6.883,FSM,Asia & Pacific,No record,2010,,
112,"Micronesia, Federated States of",158.235,6.883,FSM,Asia & Pacific,No record,2015,2.440000057,30.3
,"Micronesia, Federated States of",158.235,6.883,FSM,Asia & Pacific,No record,2018,,
,Central African Republic,20.483,6.571,CAF,Africa,Christians,2000,,
,Central African Republic,20.483,6.571,CAF,Africa,Christians,2005,,
,Central African Republic,20.483,6.571,CAF,Africa,Christians,2010,,
113,Central African Republic,20.483,6.571,CAF,Africa,Christians,2015,2.430000067,35.9
,Central African Republic,20.483,6.571,CAF,Africa,Christians,2018,,
,Denmark,9.264,56.058,DNK,Europe,Christians,2000,,
,Denmark,9.264,56.058,DNK,Europe,Christians,2005,,
,Denmark,9.264,56.058,DNK,Europe,Christians,2010,,
114,Denmark,9.264,56.058,DNK,Europe,Christians,2015,10.35999966,67.3
,Denmark,9.264,56.058,DNK,Europe,Christians,2018,,
115,Holy See (Vatican City),12.451,41.904,,Europe,No record,2000,,
,Holy See (Vatican City),12.451,41.904,,Europe,No record,2005,,
,Holy See (Vatican City),12.451,41.904,,Europe,No record,2010,,
,Holy See (Vatican City),12.451,41.904,,Europe,No record,2015,,
,Holy See (Vatican City),12.451,41.904,,Europe,No record,2018,,
,Niger,9.398,17.426,NER,Africa,Muslims,2000,,
,Niger,9.398,17.426,NER,Africa,Muslims,2005,,
,Niger,9.398,17.426,NER,Africa,Muslims,2010,,
116,Niger,9.398,17.426,NER,Africa,Muslims,2015,0.550000012,9.95
,Niger,9.398,17.426,NER,Africa,Muslims,2018,,
,Bangladesh,89.941,24.218,BGD,Asia & Pacific,Muslims,2000,,
,Bangladesh,89.941,24.218,BGD,Asia & Pacific,Muslims,2005,,
,Bangladesh,89.941,24.218,BGD,Asia & Pacific,Muslims,2010,,
117,Bangladesh,89.941,24.218,BGD,Asia & Pacific,Muslims,2015,0.021,9.2
,Bangladesh,89.941,24.218,BGD,Asia & Pacific,Muslims,2018,,
,Barbados,-59.559,13.153,BRB,South/Latin America,Christians,2000,,
,Barbados,-59.559,13.153,BRB,South/Latin America,Christians,2005,,
,Barbados,-59.559,13.153,BRB,South/Latin America,Christians,2010,,
118,Barbados,-59.559,13.153,BRB,South/Latin America,Christians,2015,9.329999924,61.8
,Barbados,-59.559,13.153,BRB,South/Latin America,Christians,2018,,
,Ireland,-8.152,53.177,IRL,Europe,Christians,2000,,
,Ireland,-8.152,53.177,IRL,Europe,Christians,2005,,
,Ireland,-8.152,53.177,IRL,Europe,Christians,2010,,
119,Ireland,-8.152,53.177,IRL,Europe,Christians,2015,12.47000027,72.6
,Ireland,-8.152,53.177,IRL,Europe,Christians,2018,,
,Congo,15.986,-0.055,COG,Africa,No record,2000,,
,Congo,15.986,-0.055,COG,Africa,No record,2005,,
,Congo,15.986,-0.055,COG,Africa,No record,2010,,
120,Congo,15.986,-0.055,COG,Africa,No record,2015,7.900000095,56.4
,Congo,15.986,-0.055,COG,Africa,No record,2018,,
121,Liechtenstein,9.555,47.153,,Europe,No record,2000,,
,Liechtenstein,9.555,47.153,,Europe,No record,2005,,
,Liechtenstein,9.555,47.153,,Europe,No record,2010,,
,Liechtenstein,9.555,47.153,,Europe,No record,2015,,
,Liechtenstein,9.555,47.153,,Europe,No record,2018,,
122,Svalbard,18.374,78.83,,Europe,No record,2000,,
,Svalbard,18.374,78.83,,Europe,No record,2005,,
,Svalbard,18.374,78.83,,Europe,No record,2010,,
,Svalbard,18.374,78.83,,Europe,No record,2015,,
,Svalbard,18.374,78.83,,Europe,No record,2018,,
123,Christmas Island,105.704,-10.444,,Asia & Pacific,No record,2000,,
,Christmas Island,105.704,-10.444,,Asia & Pacific,No record,2005,,
,Christmas Island,105.704,-10.444,,Asia & Pacific,No record,2010,,
,Christmas Island,105.704,-10.444,,Asia & Pacific,No record,2015,,
,Christmas Island,105.704,-10.444,,Asia & Pacific,No record,2018,,
124,Cocos (Keeling) Islands,96.839,-12.173,,Asia & Pacific,No record,2000,,
,Cocos (Keeling) Islands,96.839,-12.173,,Asia & Pacific,No record,2005,,
,Cocos (Keeling) Islands,96.839,-12.173,,Asia & Pacific,No record,2010,,
,Cocos (Keeling) Islands,96.839,-12.173,,Asia & Pacific,No record,2015,,
,Cocos (Keeling) Islands,96.839,-12.173,,Asia & Pacific,No record,2018,,
125,Swaziland,31.497,-26.562,,,,2000,,
,Swaziland,31.497,-26.562,,,,2005,,
,Swaziland,31.497,-26.562,,,,2010,,
,Swaziland,31.497,-26.562,,,,2015,,
,Swaziland,31.497,-26.562,,,,2018,,
,Thailand,100.844,15.7,THA,Asia & Pacific,Buddhists,2000,,
,Thailand,100.844,15.7,THA,Asia & Pacific,Buddhists,2005,,
,Thailand,100.844,15.7,THA,Asia & Pacific,Buddhists,2010,,
126,Thailand,100.844,15.7,THA,Asia & Pacific,Buddhists,2015,8.359999657,57.35
,Thailand,100.844,15.7,THA,Asia & Pacific,Buddhists,2018,,
,Bhutan,90.429,27.415,BTN,Asia & Pacific,Buddhists,2000,,
,Bhutan,90.429,27.415,BTN,Asia & Pacific,Buddhists,2005,,
,Bhutan,90.429,27.415,BTN,Asia & Pacific,Buddhists,2010,,
127,Bhutan,90.429,27.415,BTN,Asia & Pacific,Buddhists,2015,0.419999987,14.05
,Bhutan,90.429,27.415,BTN,Asia & Pacific,Buddhists,2018,,
,Democratic Republic of the Congo,23.654,-2.876,COD,Africa,No record,2000,,
,Democratic Republic of the Congo,23.654,-2.876,COD,Africa,No record,2005,,
,Democratic Republic of the Congo,23.654,-2.876,COD,Africa,No record,2010,,
128,Democratic Republic of the Congo,23.654,-2.876,COD,Africa,No record,2015,2.049999952,29.35
,Democratic Republic of the Congo,23.654,-2.876,COD,Africa,No record,2018,,
129,Monaco,7.412,43.75,,Europe,No record,2000,,
,Monaco,7.412,43.75,,Europe,No record,2005,,
,Monaco,7.412,43.75,,Europe,No record,2010,,
,Monaco,7.412,43.75,,Europe,No record,2015,,
,Monaco,7.412,43.75,,Europe,No record,2018,,
,Morocco,-5.758,32.706,DEC,Arab States,Muslims,2000,,
,Morocco,-5.758,32.706,JAN,Arab States,Muslims,2005,,
,Morocco,-5.758,32.706,FEB,Arab States,Muslims,2010,,
130,Morocco,-5.758,32.706,MAR,Arab States,Muslims,2015,0.699999988,11.75
,Morocco,-5.758,32.706,APR,Arab States,Muslims,2018,,
,Cape Verde,-23.634,15.071,CPV,Africa,Christians,2000,,
,Cape Verde,-23.634,15.071,CPV,Africa,Christians,2005,,
,Cape Verde,-23.634,15.071,CPV,Africa,Christians,2010,,
131,Cape Verde,-23.634,15.071,CPV,Africa,Christians,2015,5.949999809,47.3
,Cape Verde,-23.634,15.071,CPV,Africa,Christians,2018,,
,Panama,-80.92,8.384,PAN,South/Latin America,Christians,2000,,
,Panama,-80.92,8.384,PAN,South/Latin America,Christians,2005,,
,Panama,-80.92,8.384,PAN,South/Latin America,Christians,2010,,
132,Panama,-80.92,8.384,PAN,South/Latin America,Christians,2015,7.710000038,54.25
,Panama,-80.92,8.384,PAN,South/Latin America,Christians,2018,,
133,Hong Kong,114.129,22.423,,Asia & Pacific,No record,2000,,
,Hong Kong,114.129,22.423,,Asia & Pacific,No record,2005,,
,Hong Kong,114.129,22.423,,Asia & Pacific,No record,2010,,
,Hong Kong,114.129,22.423,,Asia & Pacific,No record,2015,,
,Hong Kong,114.129,22.423,,Asia & Pacific,No record,2018,,
134,Nauru,166.93,-0.522,,Asia & Pacific,No major religion,2000,,
,Nauru,166.93,-0.522,,Asia & Pacific,No major religion,2005,,
,Nauru,166.93,-0.522,,Asia & Pacific,No major religion,2010,,
,Nauru,166.93,-0.522,,Asia & Pacific,No major religion,2015,,
,Nauru,166.93,-0.522,,Asia & Pacific,No major religion,2018,,
,Ukraine,31.388,49.016,UKR,Europe,Christians,2000,,
,Ukraine,31.388,49.016,UKR,Europe,Christians,2005,,
,Ukraine,31.388,49.016,UKR,Europe,Christians,2010,,
135,Ukraine,31.388,49.016,UKR,Europe,Christians,2015,10.15999985,55
,Ukraine,31.388,49.016,UKR,Europe,Christians,2018,,
,Venezuela,-66.166,7.125,VEN,South/Latin America,Christians,2000,,
,Venezuela,-66.166,7.125,VEN,South/Latin America,Christians,2005,,
,Venezuela,-66.166,7.125,VEN,South/Latin America,Christians,2010,,
136,Venezuela,-66.166,7.125,VEN,South/Latin America,Christians,2015,6.820000172,47.5
,Venezuela,-66.166,7.125,VEN,South/Latin America,Christians,2018,,
,Iceland,-18.48,64.764,ISL,Europe,Christians,2000,,
,Iceland,-18.48,64.764,ISL,Europe,Christians,2005,,
,Iceland,-18.48,64.764,ISL,Europe,Christians,2010,,
137,Iceland,-18.48,64.764,ISL,Europe,Christians,2015,8.739999771,65.15
,Iceland,-18.48,64.764,ISL,Europe,Christians,2018,,
,Israel,34.851,31.026,ISR,Middle east,Jews,2000,,
,Israel,34.851,31.026,ISR,Middle east,Jews,2005,,
,Israel,34.851,31.026,ISR,Middle east,Jews,2010,,
138,Israel,34.851,31.026,ISR,Middle east,Jews,2015,3.859999895,44.85
,Israel,34.851,31.026,ISR,Middle east,Jews,2018,,
139,Saint Barthelemy,-63.043,18.04,,South/Latin America,No record,2000,,
,Saint Barthelemy,-63.043,18.04,,South/Latin America,No record,2005,,
,Saint Barthelemy,-63.043,18.04,,South/Latin America,No record,2010,,
,Saint Barthelemy,-63.043,18.04,,South/Latin America,No record,2015,,
,Saint Barthelemy,-63.043,18.04,,South/Latin America,No record,2018,,
140,Antarctica,21.304,-80.446,,Asia & Pacific,No record,2000,,
,Antarctica,21.304,-80.446,,Asia & Pacific,No record,2005,,
,Antarctica,21.304,-80.446,,Asia & Pacific,No record,2010,,
,Antarctica,21.304,-80.446,,Asia & Pacific,No record,2015,,
,Antarctica,21.304,-80.446,,Asia & Pacific,No record,2018,,
141,Saint Kitts and Nevis,-62.769,17.34,,South/Latin America,Christians,2000,,
,Saint Kitts and Nevis,-62.769,17.34,,South/Latin America,Christians,2005,,
,Saint Kitts and Nevis,-62.769,17.34,,South/Latin America,Christians,2010,,
,Saint Kitts and Nevis,-62.769,17.34,,South/Latin America,Christians,2015,,
,Saint Kitts and Nevis,-62.769,17.34,,South/Latin America,Christians,2018,,
142,"Virgin Islands, British",,,,South/Latin America,No record,2000,,
,"Virgin Islands, British",,,,South/Latin America,No record,2005,,
,"Virgin Islands, British",,,,South/Latin America,No record,2010,,
,"Virgin Islands, British",,,,South/Latin America,No record,2015,,
,"Virgin Islands, British",,,,South/Latin America,No record,2018,,
143,French Polynesia,-149.462,-17.626,,Asia & Pacific,No record,2000,,
,French Polynesia,-149.462,-17.626,,Asia & Pacific,No record,2005,,
,French Polynesia,-149.462,-17.626,,Asia & Pacific,No record,2010,,
,French Polynesia,-149.462,-17.626,,Asia & Pacific,No record,2015,,
,French Polynesia,-149.462,-17.626,,Asia & Pacific,No record,2018,,
,Oman,57.407,21.656,OMN,Middle east,Muslims,2000,,
,Oman,57.407,21.656,OMN,Middle east,Muslims,2005,,
,Oman,57.407,21.656,OMN,Middle east,Muslims,2010,,
144,Oman,57.407,21.656,OMN,Middle east,Muslims,2015,0.769999981,12.6
,Oman,57.407,21.656,OMN,Middle east,Muslims,2018,,
,Cyprus,33.219,35.043,CYP,Europe,Christians,2000,,
,Cyprus,33.219,35.043,CYP,Europe,Christians,2005,,
,Cyprus,33.219,35.043,CYP,Europe,Christians,2010,,
145,Cyprus,33.219,35.043,CYP,Europe,Christians,2015,10.76000023,66.25
,Cyprus,33.219,35.043,CYP,Europe,Christians,2018,,
146,Gibraltar,-5.345,36.138,,Europe,No record,2000,,
,Gibraltar,-5.345,36.138,,Europe,No record,2005,,
,Gibraltar,-5.345,36.138,,Europe,No record,2010,,
,Gibraltar,-5.345,36.138,,Europe,No record,2015,,
,Gibraltar,-5.345,36.138,,Europe,No record,2018,,
147,Palestine,35.278,32.037,,Arab States,No record,2000,,
,Palestine,35.278,32.037,,Arab States,No record,2005,,
,Palestine,35.278,32.037,,Arab States,No record,2010,,
,Palestine,35.278,32.037,,Arab States,No record,2015,,
,Palestine,35.278,32.037,,Arab States,No record,2018,,
,Uruguay,-56.012,-32.8,URY,South/Latin America,Christians,2000,,
,Uruguay,-56.012,-32.8,URY,South/Latin America,Christians,2005,,
,Uruguay,-56.012,-32.8,URY,South/Latin America,Christians,2010,,
148,Uruguay,-56.012,-32.8,URY,South/Latin America,Christians,2015,6.989999771,65.7
,Uruguay,-56.012,-32.8,URY,South/Latin America,Christians,2018,,
149,Cote d'Ivoire,-5.556,7.632,,Africa,No record,2000,,
,Cote d'Ivoire,-5.556,7.632,,Africa,No record,2005,,
,Cote d'Ivoire,-5.556,7.632,,Africa,No record,2010,,
,Cote d'Ivoire,-5.556,7.632,,Africa,No record,2015,,
,Cote d'Ivoire,-5.556,7.632,,Africa,No record,2018,,
,Mexico,-102.535,23.951,MEX,South/Latin America,Christians,2000,,
,Mexico,-102.535,23.951,MEX,South/Latin America,Christians,2005,,
,Mexico,-102.535,23.951,MEX,South/Latin America,Christians,2010,,
150,Mexico,-102.535,23.951,MEX,South/Latin America,Christians,2015,4.920000076,51.25
,Mexico,-102.535,23.951,MEX,South/Latin America,Christians,2018,,
151,Aruba,-69.977,12.517,,South/Latin America,No record,2000,,
,Aruba,-69.977,12.517,,South/Latin America,No record,2005,,
,Aruba,-69.977,12.517,,South/Latin America,No record,2010,,
,Aruba,-69.977,12.517,,South/Latin America,No record,2015,,
,Aruba,-69.977,12.517,,South/Latin America,No record,2018,,
152,Falkland Islands (Malvinas),-58.694,-51.665,,South/Latin America,No record,2000,,
,Falkland Islands (Malvinas),-58.694,-51.665,,South/Latin America,No record,2005,,
,Falkland Islands (Malvinas),-58.694,-51.665,,South/Latin America,No record,2010,,
,Falkland Islands (Malvinas),-58.694,-51.665,,South/Latin America,No record,2015,,
,Falkland Islands (Malvinas),-58.694,-51.665,,South/Latin America,No record,2018,,
,Estonia,25.793,58.674,EST,Europe,Unaffiliated,2000,,
,Estonia,25.793,58.674,EST,Europe,Unaffiliated,2005,,
,Estonia,25.793,58.674,EST,Europe,Unaffiliated,2010,,
153,Estonia,25.793,58.674,EST,Europe,Unaffiliated,2015,12.39000034,56.4
,Estonia,25.793,58.674,EST,Europe,Unaffiliated,2018,,
,Georgia,43.518,42.176,GEO,Europe,Christians,2000,,
,Georgia,43.518,42.176,GEO,Europe,Christians,2005,,
,Georgia,43.518,42.176,GEO,Europe,Christians,2010,,
154,Georgia,43.518,42.176,GEO,Europe,Christians,2015,9.609999657,62.35
,Georgia,43.518,42.176,GEO,Europe,Christians,2018,,
,Montenegro,19.254,42.792,MNE,Europe,Christians,2000,,
,Montenegro,19.254,42.792,MNE,Europe,Christians,2005,,
,Montenegro,19.254,42.792,MNE,Europe,Christians,2010,,
155,Montenegro,19.254,42.792,MNE,Europe,Christians,2015,10.92000008,60.05
,Montenegro,19.254,42.792,MNE,Europe,Christians,2018,,
,Zimbabwe,29.872,-19,ZWE,Africa,Christians,2000,,
,Zimbabwe,29.872,-19,ZWE,Africa,Christians,2005,,
,Zimbabwe,29.872,-19,ZWE,Africa,Christians,2010,,
156,Zimbabwe,29.872,-19,ZWE,Africa,Christians,2015,4.920000076,41.7
,Zimbabwe,29.872,-19,ZWE,Africa,Christians,2018,,
,Indonesia,114.252,-0.976,IDN,Asia & Pacific,Muslims,2000,,
,Indonesia,114.252,-0.976,IDN,Asia & Pacific,Muslims,2005,,
,Indonesia,114.252,-0.976,IDN,Asia & Pacific,Muslims,2010,,
157,Indonesia,114.252,-0.976,IDN,Asia & Pacific,Muslims,2015,0.600000024,15.85
,Indonesia,114.252,-0.976,IDN,Asia & Pacific,Muslims,2018,,
,Libyan Arab Jamahiriya,18.023,27.044,LBY,Middle east,Muslims,2000,,
,Libyan Arab Jamahiriya,18.023,27.044,LBY,Middle east,Muslims,2005,,
,Libyan Arab Jamahiriya,18.023,27.044,LBY,Middle east,Muslims,2010,,
158,Libyan Arab Jamahiriya,18.023,27.044,LBY,Middle east,Muslims,2015,0.028999999,1.2
,Libyan Arab Jamahiriya,18.023,27.044,LBY,Middle east,Muslims,2018,,
,Saint Vincent and the Grenadines,-61.194,13.248,VCT,South/Latin America,Christians,2000,,
,Saint Vincent and the Grenadines,-61.194,13.248,VCT,South/Latin America,Christians,2005,,
,Saint Vincent and the Grenadines,-61.194,13.248,VCT,South/Latin America,Christians,2010,,
159,Saint Vincent and the Grenadines,-61.194,13.248,VCT,South/Latin America,Christians,2015,8.460000038,56.75
,Saint Vincent and the Grenadines,-61.194,13.248,VCT,South/Latin America,Christians,2018,,
160,Guam,144.707,13.385,,Asia & Pacific,No record,2000,,
,Guam,144.707,13.385,,Asia & Pacific,No record,2005,,
,Guam,144.707,13.385,,Asia & Pacific,No record,2010,,
,Guam,144.707,13.385,,Asia & Pacific,No record,2015,,
,Guam,144.707,13.385,,Asia & Pacific,No record,2018,,
,Guatemala,-90.398,15.256,GTM,South/Latin America,Christians,2000,,
,Guatemala,-90.398,15.256,GTM,South/Latin America,Christians,2005,,
,Guatemala,-90.398,15.256,GTM,South/Latin America,Christians,2010,,
161,Guatemala,-90.398,15.256,GTM,South/Latin America,Christians,2015,2.549999952,31.1
,Guatemala,-90.398,15.256,GTM,South/Latin America,Christians,2018,,
,Mongolia,102.876,46.056,MNG,Asia & Pacific,Buddhists,2000,,
,Mongolia,102.876,46.056,MNG,Asia & Pacific,Buddhists,2005,,
,Mongolia,102.876,46.056,MNG,Asia & Pacific,Buddhists,2010,,
162,Mongolia,102.876,46.056,MNG,Asia & Pacific,Buddhists,2015,10.97000027,52.45
,Mongolia,102.876,46.056,MNG,Asia & Pacific,Buddhists,2018,,
,Azerbaijan,47.395,40.43,AZE,Asia & Pacific,Muslims,2000,,
,Azerbaijan,47.395,40.43,AZE,Asia & Pacific,Muslims,2005,,
,Azerbaijan,47.395,40.43,AZE,Asia & Pacific,Muslims,2010,,
163,Azerbaijan,47.395,40.43,AZE,Asia & Pacific,Muslims,2015,4.579999924,34.1
,Azerbaijan,47.395,40.43,AZE,Asia & Pacific,Muslims,2018,,
,Grenada,-61.678,12.118,GRD,South/Latin America,Christians,2000,,
,Grenada,-61.678,12.118,GRD,South/Latin America,Christians,2005,,
,Grenada,-61.678,12.118,GRD,South/Latin America,Christians,2010,,
164,Grenada,-61.678,12.118,GRD,South/Latin America,Christians,2015,9.069999695,57.65
,Grenada,-61.678,12.118,GRD,South/Latin America,Christians,2018,,
,Armenia,44.563,40.534,ARM,Europe,Christians,2000,,
,Armenia,44.563,40.534,ARM,Europe,Christians,2005,,
,Armenia,44.563,40.534,ARM,Europe,Christians,2010,,
165,Armenia,44.563,40.534,ARM,Europe,Christians,2015,5.840000153,51.95
,Armenia,44.563,40.534,ARM,Europe,Christians,2018,,
,Liberia,-9.657,6.682,LBR,Africa,Christians,2000,,
,Liberia,-9.657,6.682,LBR,Africa,Christians,2005,,
,Liberia,-9.657,6.682,LBR,Africa,Christians,2010,,
166,Liberia,-9.657,6.682,LBR,Africa,Christians,2015,5.699999809,46.5
,Liberia,-9.657,6.682,LBR,Africa,Christians,2018,,
,Tunisia,9.596,35.383,TUN,Arab States,Muslims,2000,,
,Tunisia,9.596,35.383,TUN,Arab States,Muslims,2005,,
,Tunisia,9.596,35.383,TUN,Arab States,Muslims,2010,,
167,Tunisia,9.596,35.383,TUN,Arab States,Muslims,2015,1.99000001,20.5
,Tunisia,9.596,35.383,TUN,Arab States,Muslims,2018,,
,Honduras,-86.863,14.819,HND,South/Latin America,Christians,2000,,
,Honduras,-86.863,14.819,HND,South/Latin America,Christians,2005,,
,Honduras,-86.863,14.819,HND,South/Latin America,Christians,2010,,
168,Honduras,-86.863,14.819,HND,South/Latin America,Christians,2015,3.49000001,39.7
,Honduras,-86.863,14.819,HND,South/Latin America,Christians,2018,,
,Trinidad and Tobago,-61.253,10.468,TTO,South/Latin America,Christians,2000,,
,Trinidad and Tobago,-61.253,10.468,TTO,South/Latin America,Christians,2005,,
,Trinidad and Tobago,-61.253,10.468,TTO,South/Latin America,Christians,2010,,
169,Trinidad and Tobago,-61.253,10.468,TTO,South/Latin America,Christians,2015,6.880000114,59.9
,Trinidad and Tobago,-61.253,10.468,TTO,South/Latin America,Christians,2018,,
,Saudi Arabia,44.585,24.023,SAU,Middle east,Muslims,2000,,
,Saudi Arabia,44.585,24.023,SAU,Middle east,Muslims,2005,,
,Saudi Arabia,44.585,24.023,SAU,Middle east,Muslims,2010,,
170,Saudi Arabia,44.585,24.023,SAU,Middle east,Muslims,2015,0.200000003,3.15
,Saudi Arabia,44.585,24.023,SAU,Middle east,Muslims,2018,,
,Iran (Islamic Republic of),54.301,32.565,IRN,Middle east,Muslims,2000,,
,Iran (Islamic Republic of),54.301,32.565,IRN,Middle east,Muslims,2005,,
,Iran (Islamic Republic of),54.301,32.565,IRN,Middle east,Muslims,2010,,
171,Iran (Islamic Republic of),54.301,32.565,IRN,Middle east,Muslims,2015,1.00999999,9.95
,Iran (Islamic Republic of),54.301,32.565,IRN,Middle east,Muslims,2018,,
,Uganda,32.386,1.28,UGA,Africa,Christians,2000,,
,Uganda,32.386,1.28,UGA,Africa,Christians,2005,,
,Uganda,32.386,1.28,UGA,Africa,Christians,2010,,
172,Uganda,32.386,1.28,UGA,Africa,Christians,2015,15.14000034,58.8
,Uganda,32.386,1.28,UGA,Africa,Christians,2018,,
173,French Guiana,-53.241,3.924,,South/Latin America,No record,2000,,
,French Guiana,-53.241,3.924,,South/Latin America,No record,2005,,
,French Guiana,-53.241,3.924,,South/Latin America,No record,2010,,
,French Guiana,-53.241,3.924,,South/Latin America,No record,2015,,
,French Guiana,-53.241,3.924,,South/Latin America,No record,2018,,
174,Mayotte,45.155,-12.777,,Africa,No record,2000,,
,Mayotte,45.155,-12.777,,Africa,No record,2005,,
,Mayotte,45.155,-12.777,,Africa,No record,2010,,
,Mayotte,45.155,-12.777,,Africa,No record,2015,,
,Mayotte,45.155,-12.777,,Africa,No record,2018,,
,Namibia,17.218,-22.133,NAM,Africa,Christians,2000,,
,Namibia,17.218,-22.133,NAM,Africa,Christians,2005,,
,Namibia,17.218,-22.133,NAM,Africa,Christians,2010,,
175,Namibia,17.218,-22.133,NAM,Africa,Christians,2015,5.230000019,56.85
,Namibia,17.218,-22.133,NAM,Africa,Christians,2018,,
,Switzerland,7.908,46.861,CHE,Europe,Christians,2000,,
,Switzerland,7.908,46.861,CHE,Europe,Christians,2005,,
,Switzerland,7.908,46.861,CHE,Europe,Christians,2010,,
176,Switzerland,7.908,46.861,CHE,Europe,Christians,2015,11.57999992,69.1
,Switzerland,7.908,46.861,CHE,Europe,Christians,2018,,
,Zambia,26.32,-14.614,ZMB,Africa,Christians,2000,,
,Zambia,26.32,-14.614,ZMB,Africa,Christians,2005,,
,Zambia,26.32,-14.614,ZMB,Africa,Christians,2010,,
177,Zambia,26.32,-14.614,ZMB,Africa,Christians,2015,6.889999866,44.65
,Zambia,26.32,-14.614,ZMB,Africa,Christians,2018,,
178,Pitcairn Islands,-128.316,-24.366,,Asia & Pacific,No record,2000,,
,Pitcairn Islands,-128.316,-24.366,,Asia & Pacific,No record,2005,,
,Pitcairn Islands,-128.316,-24.366,,Asia & Pacific,No record,2010,,
,Pitcairn Islands,-128.316,-24.366,,Asia & Pacific,No record,2015,,
,Pitcairn Islands,-128.316,-24.366,,Asia & Pacific,No record,2018,,
,Ethiopia,39.616,8.626,ETH,Africa,Christians,2000,,
,Ethiopia,39.616,8.626,ETH,Africa,Christians,2005,,
,Ethiopia,39.616,8.626,ETH,Africa,Christians,2010,,
179,Ethiopia,39.616,8.626,ETH,Africa,Christians,2015,2.190000057,33.3
,Ethiopia,39.616,8.626,ETH,Africa,Christians,2018,,
,Eswatini,,,SWZ,Africa,Christians,2000,,
,Eswatini,,,SWZ,Africa,Christians,2005,,
,Eswatini,,,SWZ,Africa,Christians,2010,,
180,Eswatini,,,SWZ,Africa,Christians,2015,9.840000153,56.6
,Eswatini,,,SWZ,Africa,Christians,2018,,
,Jamaica,-77.32,18.151,JAM,South/Latin America,Christians,2000,,
,Jamaica,-77.32,18.151,JAM,South/Latin America,Christians,2005,,
,Jamaica,-77.32,18.151,JAM,South/Latin America,Christians,2010,,
181,Jamaica,-77.32,18.151,JAM,South/Latin America,Christians,2015,4.190000057,38.7
,Jamaica,-77.32,18.151,JAM,South/Latin America,Christians,2018,,
,Latvia,25.641,56.858,LVA,Europe,Christians,2000,,
,Latvia,25.641,56.858,LVA,Europe,Christians,2005,,
,Latvia,25.641,56.858,LVA,Europe,Christians,2010,,
182,Latvia,25.641,56.858,LVA,Europe,Christians,2015,12.64000034,58.15
,Latvia,25.641,56.858,LVA,Europe,Christians,2018,,
183,South Sudan,,,,Africa,No record,2000,,
,South Sudan,,,,Africa,No record,2005,,
,South Sudan,,,,Africa,No record,2010,,
,South Sudan,,,,Africa,No record,2015,,
,South Sudan,,,,Africa,No record,2018,,
,United Arab Emirates,54.163,23.549,ARE,Middle east,Muslims,2000,,
,United Arab Emirates,54.163,23.549,ARE,Middle east,Muslims,2005,,
,United Arab Emirates,54.163,23.549,ARE,Middle east,Muslims,2010,,
184,United Arab Emirates,54.163,23.549,ARE,Middle east,Muslims,2015,3.789999962,31.35
,United Arab Emirates,54.163,23.549,ARE,Middle east,Muslims,2018,,
,Saint Lucia,-60.969,13.898,LCA,South/Latin America,No record,2000,,
,Saint Lucia,-60.969,13.898,LCA,South/Latin America,No record,2005,,
,Saint Lucia,-60.969,13.898,LCA,South/Latin America,No record,2010,,
185,Saint Lucia,-60.969,13.898,LCA,South/Latin America,No record,2015,9.960000038,63.8
,Saint Lucia,-60.969,13.898,LCA,South/Latin America,No record,2018,,
186,Saint Martin,-63.041,18.094,,South/Latin America,No record,2000,,
,Saint Martin,-63.041,18.094,,South/Latin America,No record,2005,,
,Saint Martin,-63.041,18.094,,South/Latin America,No record,2010,,
,Saint Martin,-63.041,18.094,,South/Latin America,No record,2015,,
,Saint Martin,-63.041,18.094,,South/Latin America,No record,2018,,
187,Bouvet Island,3.412,-54.422,,South/Latin America,No record,2000,,
,Bouvet Island,3.412,-54.422,,South/Latin America,No record,2005,,
,Bouvet Island,3.412,-54.422,,South/Latin America,No record,2010,,
,Bouvet Island,3.412,-54.422,,South/Latin America,No record,2015,,
,Bouvet Island,3.412,-54.422,,South/Latin America,No record,2018,,
,Guinea,-10.942,10.439,GIN,Africa,Muslims,2000,,
,Guinea,-10.942,10.439,GIN,Africa,Muslims,2005,,
,Guinea,-10.942,10.439,GIN,Africa,Muslims,2010,,
188,Guinea,-10.942,10.439,GIN,Africa,Muslims,2015,1.070000052,17.35
,Guinea,-10.942,10.439,GIN,Africa,Muslims,2018,,
,Canada,-109.433,59.081,CAN,North America,Christians,2000,,
,Canada,-109.433,59.081,CAN,North America,Christians,2005,,
,Canada,-109.433,59.081,CAN,North America,Christians,2010,,
189,Canada,-109.433,59.081,CAN,North America,Christians,2015,8.880000114,63.65
,Canada,-109.433,59.081,CAN,North America,Christians,2018,,
,Seychelles,55.474,-4.647,SYC,Africa,Christians,2000,,
,Seychelles,55.474,-4.647,SYC,Africa,Christians,2005,,
,Seychelles,55.474,-4.647,SYC,Africa,Christians,2010,,
190,Seychelles,55.474,-4.647,SYC,Africa,Christians,2015,18.35000038,65.65
,Seychelles,55.474,-4.647,SYC,Africa,Christians,2018,,
191,Faroe Islands,-6.864,62.05,,Europe,No record,2000,,
,Faroe Islands,-6.864,62.05,,Europe,No record,2005,,
,Faroe Islands,-6.864,62.05,,Europe,No record,2010,,
,Faroe Islands,-6.864,62.05,,Europe,No record,2015,,
,Faroe Islands,-6.864,62.05,,Europe,No record,2018,,
,Kyrgyzstan,74.555,41.465,KGZ,Asia & Pacific,Muslims,2000,,
,Kyrgyzstan,74.555,41.465,KGZ,Asia & Pacific,Muslims,2005,,
,Kyrgyzstan,74.555,41.465,KGZ,Asia & Pacific,Muslims,2010,,
192,Kyrgyzstan,74.555,41.465,KGZ,Asia & Pacific,Muslims,2015,7.590000153,56.3
,Kyrgyzstan,74.555,41.465,KGZ,Asia & Pacific,Muslims,2018,,
,Samoa,-172.414,-13.652,WSM,Asia & Pacific,Christians,2000,,
,Samoa,-172.414,-13.652,WSM,Asia & Pacific,Christians,2005,,
,Samoa,-172.414,-13.652,WSM,Asia & Pacific,Christians,2010,,
193,Samoa,-172.414,-13.652,WSM,Asia & Pacific,Christians,2015,2.589999914,29.9
,Samoa,-172.414,-13.652,WSM,Asia & Pacific,Christians,2018,,
,Uzbekistan,63.17,41.75,UZB,Asia & Pacific,Muslims,2000,,
,Uzbekistan,63.17,41.75,UZB,Asia & Pacific,Muslims,2005,,
,Uzbekistan,63.17,41.75,UZB,Asia & Pacific,Muslims,2010,,
194,Uzbekistan,63.17,41.75,UZB,Asia & Pacific,Muslims,2015,2.589999914,43.9
,Uzbekistan,63.17,41.75,UZB,Asia & Pacific,Muslims,2018,,
,Czech Republic,15.338,49.743,CZE,Europe,No record,2000,,
,Czech Republic,15.338,49.743,CZE,Europe,No record,2005,,
,Czech Republic,15.338,49.743,CZE,Europe,No record,2010,,
195,Czech Republic,15.338,49.743,CZE,Europe,No record,2015,14.25,73.75
,Czech Republic,15.338,49.743,CZE,Europe,No record,2018,,
,Mozambique,37.923,-14.422,MOZ,Africa,Christians,2000,,
,Mozambique,37.923,-14.422,MOZ,Africa,Christians,2005,,
,Mozambique,37.923,-14.422,MOZ,Africa,Christians,2010,,
196,Mozambique,37.923,-14.422,MOZ,Africa,Christians,2015,2.190000057,28.15
,Mozambique,37.923,-14.422,MOZ,Africa,Christians,2018,,
197,Cook Islands,-159.782,-21.219,,Asia & Pacific,No record,2000,,
,Cook Islands,-159.782,-21.219,,Asia & Pacific,No record,2005,,
,Cook Islands,-159.782,-21.219,,Asia & Pacific,No record,2010,,
,Cook Islands,-159.782,-21.219,,Asia & Pacific,No record,2015,,
,Cook Islands,-159.782,-21.219,,Asia & Pacific,No record,2018,,
,Belize,-88.602,17.219,BLZ,South/Latin America,Christians,2000,,
,Belize,-88.602,17.219,BLZ,South/Latin America,Christians,2005,,
,Belize,-88.602,17.219,BLZ,South/Latin America,Christians,2010,,
198,Belize,-88.602,17.219,BLZ,South/Latin America,Christians,2015,6.739999771,51.9
,Belize,-88.602,17.219,BLZ,South/Latin America,Christians,2018,,
,Brazil,-53.089,-10.772,BRA,South/Latin America,Christians,2000,,
,Brazil,-53.089,-10.772,BRA,South/Latin America,Christians,2005,,
,Brazil,-53.089,-10.772,BRA,South/Latin America,Christians,2010,,
199,Brazil,-53.089,-10.772,BRA,South/Latin America,Christians,2015,7.860000134,56.05
,Brazil,-53.089,-10.772,BRA,South/Latin America,Christians,2018,,
,Gambia,-15.386,13.453,GMB,Africa,Muslims,2000,,
,Gambia,-15.386,13.453,GMB,Africa,Muslims,2005,,
,Gambia,-15.386,13.453,GMB,Africa,Muslims,2010,,
200,Gambia,-15.386,13.453,GMB,Africa,Muslims,2015,3.670000076,37.55
,Gambia,-15.386,13.453,GMB,Africa,Muslims,2018,,
,Kenya,37.858,0.53,KEN,Africa,Christians,2000,,
,Kenya,37.858,0.53,KEN,Africa,Christians,2005,,
,Kenya,37.858,0.53,KEN,Africa,Christians,2010,,
201,Kenya,37.858,0.53,KEN,Africa,Christians,2015,2.769999981,36.1
,Kenya,37.858,0.53,KEN,Africa,Christians,2018,,
,Lebanon,35.888,33.92,LBN,Middle east,Muslims,2000,,
,Lebanon,35.888,33.92,LBN,Middle east,Muslims,2005,,
,Lebanon,35.888,33.92,LBN,Middle east,Muslims,2010,,
202,Lebanon,35.888,33.92,LBN,Middle east,Muslims,2015,1.649999976,19.55
,Lebanon,35.888,33.92,LBN,Middle east,Muslims,2018,,
,Lao People's Democratic Republic,102.471,19.905,LAO,Asia & Pacific,Buddhists,2000,,
,Lao People's Democratic Republic,102.471,19.905,LAO,Asia & Pacific,Buddhists,2005,,
,Lao People's Democratic Republic,102.471,19.905,LAO,Asia & Pacific,Buddhists,2010,,
203,Lao People's Democratic Republic,102.471,19.905,LAO,Asia & Pacific,Buddhists,2015,10.05000019,60.5
,Lao People's Democratic Republic,102.471,19.905,LAO,Asia & Pacific,Buddhists,2018,,
,Antigua and Barbuda,-61.783,17.078,ATG,South/Latin America,Christians,2000,,
,Antigua and Barbuda,-61.783,17.078,ATG,South/Latin America,Christians,2005,,
,Antigua and Barbuda,-61.783,17.078,ATG,South/Latin America,Christians,2010,,
204,Antigua and Barbuda,-61.783,17.078,ATG,South/Latin America,Christians,2015,5.889999866,56.75
,Antigua and Barbuda,-61.783,17.078,ATG,South/Latin America,Christians,2018,,
,Slovenia,14.827,46.124,SVN,Europe,Christians,2000,,
,Slovenia,14.827,46.124,SVN,Europe,Christians,2005,,
,Slovenia,14.827,46.124,SVN,Europe,Christians,2010,,
205,Slovenia,14.827,46.124,SVN,Europe,Christians,2015,12.73999977,70.3
,Slovenia,14.827,46.124,SVN,Europe,Christians,2018,,
,Dominican Republic,-70.729,19.015,DOM,South/Latin America,Christians,2000,,
,Dominican Republic,-70.729,19.015,DOM,South/Latin America,Christians,2005,,
,Dominican Republic,-70.729,19.015,DOM,South/Latin America,Christians,2010,,
206,Dominican Republic,-70.729,19.015,DOM,South/Latin America,Christians,2015,6.610000134,51.7
,Dominican Republic,-70.729,19.015,DOM,South/Latin America,Christians,2018,,
,Viet Nam,105.314,21.491,VNM,Asia & Pacific,Folk_Religions,2000,,
,Viet Nam,105.314,21.491,VNM,Asia & Pacific,Folk_Religions,2005,,
,Viet Nam,105.314,21.491,VNM,Asia & Pacific,Folk_Religions,2010,,
207,Viet Nam,105.314,21.491,VNM,Asia & Pacific,Folk_Religions,2015,7.860000134,54.6
,Viet Nam,105.314,21.491,VNM,Asia & Pacific,Folk_Religions,2018,,
,Botswana,23.815,-22.182,BWA,Africa,Christians,2000,,
,Botswana,23.815,-22.182,BWA,Africa,Christians,2005,,
,Botswana,23.815,-22.182,BWA,Africa,Christians,2010,,
208,Botswana,23.815,-22.182,BWA,Africa,Christians,2015,6.860000134,54.65
,Botswana,23.815,-22.182,BWA,Africa,Christians,2018,,
,Japan,139.068,36.491,JPN,Asia & Pacific,Unaffiliated,2000,,
,Japan,139.068,36.491,JPN,Asia & Pacific,Unaffiliated,2005,,
,Japan,139.068,36.491,JPN,Asia & Pacific,Unaffiliated,2010,,
209,Japan,139.068,36.491,JPN,Asia & Pacific,Unaffiliated,2015,7.869999886,58.2
,Japan,139.068,36.491,JPN,Asia & Pacific,Unaffiliated,2018,,
,Luxembourg,6.088,49.771,LUX,Europe,Christians,2000,,
,Luxembourg,6.088,49.771,LUX,Europe,Christians,2005,,
,Luxembourg,6.088,49.771,LUX,Europe,Christians,2010,,
210,Luxembourg,6.088,49.771,LUX,Europe,Christians,2015,13.18000031,72.3
,Luxembourg,6.088,49.771,LUX,Europe,Christians,2018,,
,New Zealand,172.235,-42.634,NZL,Asia & Pacific,Christians,2000,,
,New Zealand,172.235,-42.634,NZL,Asia & Pacific,Christians,2005,,
,New Zealand,172.235,-42.634,NZL,Asia & Pacific,Christians,2010,,
211,New Zealand,172.235,-42.634,NZL,Asia & Pacific,Christians,2015,10.43999958,67.85
,New Zealand,172.235,-42.634,NZL,Asia & Pacific,Christians,2018,,
212,United States Minor Outlying Islands,-160.027,-0.385,,Asia & Pacific,No record,2000,,
,United States Minor Outlying Islands,-160.027,-0.385,,Asia & Pacific,No record,2005,,
,United States Minor Outlying Islands,-160.027,-0.385,,Asia & Pacific,No record,2010,,
,United States Minor Outlying Islands,-160.027,-0.385,,Asia & Pacific,No record,2015,,
,United States Minor Outlying Islands,-160.027,-0.385,,Asia & Pacific,No record,2018,,
,Bosnia and Herzegovina,17.786,44.169,BIH,Europe,Christians,2000,,
,Bosnia and Herzegovina,17.786,44.169,BIH,Europe,Christians,2005,,
,Bosnia and Herzegovina,17.786,44.169,BIH,Europe,Christians,2010,,
213,Bosnia and Herzegovina,17.786,44.169,BIH,Europe,Christians,2015,6.920000076,55.8
,Bosnia and Herzegovina,17.786,44.169,BIH,Europe,Christians,2018,,
214,Greenland,-41.391,74.719,,Europe,No record,2000,,
,Greenland,-41.391,74.719,,Europe,No record,2005,,
,Greenland,-41.391,74.719,,Europe,No record,2010,,
,Greenland,-41.391,74.719,,Europe,No record,2015,,
,Greenland,-41.391,74.719,,Europe,No record,2018,,
,Haiti,-72.278,19.142,HTI,South/Latin America,Christians,2000,,
,Haiti,-72.278,19.142,HTI,South/Latin America,Christians,2005,,
,Haiti,-72.278,19.142,HTI,South/Latin America,Christians,2010,,
215,Haiti,-72.278,19.142,HTI,South/Latin America,Christians,2015,2.690000057,48
,Haiti,-72.278,19.142,HTI,South/Latin America,Christians,2018,,
,Poland,19.401,52.125,POL,Europe,Christians,2000,,
,Poland,19.401,52.125,POL,Europe,Christians,2005,,
,Poland,19.401,52.125,POL,Europe,Christians,2010,,
216,Poland,19.401,52.125,POL,Europe,Christians,2015,11.63000011,70.15
,Poland,19.401,52.125,POL,Europe,Christians,2018,,
,Portugal,-8.058,40.309,PRT,Europe,Christians,2000,,
,Portugal,-8.058,40.309,PRT,Europe,Christians,2005,,
,Portugal,-8.058,40.309,PRT,Europe,Christians,2010,,
217,Portugal,-8.058,40.309,PRT,Europe,Christians,2015,11.88000011,70.9
,Portugal,-8.058,40.309,PRT,Europe,Christians,2018,,
,Republic of Moldova,28.599,47.193,MDA,Europe,Christians,2000,,
,Republic of Moldova,28.599,47.193,MDA,Europe,Christians,2005,,
,Republic of Moldova,28.599,47.193,MDA,Europe,Christians,2010,,
218,Republic of Moldova,28.599,47.193,MDA,Europe,Christians,2015,11.86999989,59.25
,Republic of Moldova,28.599,47.193,MDA,Europe,Christians,2018,,
,Australia,136.189,-24.973,AUS,Asia & Pacific,Christians,2000,,
,Australia,136.189,-24.973,AUS,Asia & Pacific,Christians,2005,,
,Australia,136.189,-24.973,AUS,Asia & Pacific,Christians,2010,,
219,Australia,136.189,-24.973,AUS,Asia & Pacific,Christians,2015,10.82999992,68.3
,Australia,136.189,-24.973,AUS,Asia & Pacific,Christians,2018,,
,Cameroon,12.277,5.133,CMR,Africa,Christians,2000,,
,Cameroon,12.277,5.133,CMR,Africa,Christians,2005,,
,Cameroon,12.277,5.133,CMR,Africa,Christians,2010,,
220,Cameroon,12.277,5.133,CMR,Africa,Christians,2015,6.170000076,55.55
,Cameroon,12.277,5.133,CMR,Africa,Christians,2018,,
,Papua New Guinea,143.459,-5.949,PNG,Asia & Pacific,Christians,2000,,
,Papua New Guinea,143.459,-5.949,PNG,Asia & Pacific,Christians,2005,,
,Papua New Guinea,143.459,-5.949,PNG,Asia & Pacific,Christians,2010,,
221,Papua New Guinea,143.459,-5.949,PNG,Asia & Pacific,Christians,2015,1.389999986,19.85
,Papua New Guinea,143.459,-5.949,PNG,Asia & Pacific,Christians,2018,,
,Guinea-Bissau,-14.651,12.125,GNB,Africa,Muslims,2000,,
,Guinea-Bissau,-14.651,12.125,GNB,Africa,Muslims,2005,,
,Guinea-Bissau,-14.651,12.125,GNB,Africa,Muslims,2010,,
222,Guinea-Bissau,-14.651,12.125,GNB,Africa,Muslims,2015,5.050000191,42.05
,Guinea-Bissau,-14.651,12.125,GNB,Africa,Muslims,2018,,
,Romania,24.969,45.844,ROU,Europe,Christians,2000,,
,Romania,24.969,45.844,ROU,Europe,Christians,2005,,
,Romania,24.969,45.844,ROU,Europe,Christians,2010,,
223,Romania,24.969,45.844,ROU,Europe,Christians,2015,11.64000034,70.5
,Romania,24.969,45.844,ROU,Europe,Christians,2018,,
,Bulgaria,25.231,42.761,BGR,Europe,Christians,2000,,
,Bulgaria,25.231,42.761,BGR,Europe,Christians,2005,,
,Bulgaria,25.231,42.761,BGR,Europe,Christians,2010,,
224,Bulgaria,25.231,42.761,BGR,Europe,Christians,2015,12.34000015,70.65
,Bulgaria,25.231,42.761,BGR,Europe,Christians,2018,,
,Solomon Islands,160.109,-9.611,SLB,Asia & Pacific,Christians,2000,,
,Solomon Islands,160.109,-9.611,SLB,Asia & Pacific,Christians,2005,,
,Solomon Islands,160.109,-9.611,SLB,Asia & Pacific,Christians,2010,,
225,Solomon Islands,160.109,-9.611,SLB,Asia & Pacific,Christians,2015,1.549999952,21.75
,Solomon Islands,160.109,-9.611,SLB,Asia & Pacific,Christians,2018,,
226,"France, Metropolitan",,,,Europe,No record,2000,,
,"France, Metropolitan",,,,Europe,No record,2005,,
,"France, Metropolitan",,,,Europe,No record,2010,,
,"France, Metropolitan",,,,Europe,No record,2015,,
,"France, Metropolitan",,,,Europe,No record,2018,,
,Austria,14.912,47.683,AUT,Europe,Christians,2000,,
,Austria,14.912,47.683,AUT,Europe,Christians,2005,,
,Austria,14.912,47.683,AUT,Europe,Christians,2010,,
227,Austria,14.912,47.683,AUT,Europe,Christians,2015,12.06999969,69.4
,Austria,14.912,47.683,AUT,Europe,Christians,2018,,
,Nepal,83.939,28.253,NPL,Asia & Pacific,Hindus,2000,,
,Nepal,83.939,28.253,NPL,Asia & Pacific,Hindus,2005,,
,Nepal,83.939,28.253,NPL,Asia & Pacific,Hindus,2010,,
228,Nepal,83.939,28.253,NPL,Asia & Pacific,Hindus,2015,2.049999952,26.2
,Nepal,83.939,28.253,NPL,Asia & Pacific,Hindus,2018,,
,Costa Rica,-83.946,9.971,CRI,South/Latin America,Christians,2000,,
,Costa Rica,-83.946,9.971,CRI,South/Latin America,Christians,2005,,
,Costa Rica,-83.946,9.971,CRI,South/Latin America,Christians,2010,,
229,Costa Rica,-83.946,9.971,CRI,South/Latin America,Christians,2015,4.760000229,44
,Costa Rica,-83.946,9.971,CRI,South/Latin America,Christians,2018,,
,Egypt,29.872,26.494,EGY,Middle east,Muslims,2000,,
,Egypt,29.872,26.494,EGY,Middle east,Muslims,2005,,
,Egypt,29.872,26.494,EGY,Middle east,Muslims,2010,,
230,Egypt,29.872,26.494,EGY,Middle east,Muslims,2015,0.400000006,10
,Egypt,29.872,26.494,EGY,Middle east,Muslims,2018,,
,El Salvador,-88.866,13.736,SLV,South/Latin America,Christians,2000,,
,El Salvador,-88.866,13.736,SLV,South/Latin America,Christians,2005,,
,El Salvador,-88.866,13.736,SLV,South/Latin America,Christians,2010,,
231,El Salvador,-88.866,13.736,SLV,South/Latin America,Christians,2015,3.589999914,40.5
,El Salvador,-88.866,13.736,SLV,South/Latin America,Christians,2018,,
,Kazakhstan,67.301,48.16,KAZ,Asia & Pacific,Muslims,2000,,
,Kazakhstan,67.301,48.16,KAZ,Asia & Pacific,Muslims,2005,,
,Kazakhstan,67.301,48.16,KAZ,Asia & Pacific,Muslims,2010,,
232,Kazakhstan,67.301,48.16,KAZ,Asia & Pacific,Muslims,2015,4.659999847,59.55
,Kazakhstan,67.301,48.16,KAZ,Asia & Pacific,Muslims,2018,,
,Serbia,20.806,44.032,SRB,Europe,Christians,2000,,
,Serbia,20.806,44.032,SRB,Europe,Christians,2005,,
,Serbia,20.806,44.032,SRB,Europe,Christians,2010,,
233,Serbia,20.806,44.032,SRB,Europe,Christians,2015,8.699999809,67.3
,Serbia,20.806,44.032,SRB,Europe,Christians,2018,,
,Burkina Faso,-1.74,12.278,BFA,Africa,Muslims,2000,,
,Burkina Faso,-1.74,12.278,BFA,Africa,Muslims,2005,,
,Burkina Faso,-1.74,12.278,BFA,Africa,Muslims,2010,,
234,Burkina Faso,-1.74,12.278,BFA,Africa,Muslims,2015,11.82999992,54.6
,Burkina Faso,-1.74,12.278,BFA,Africa,Muslims,2018,,
,South Africa,23.121,-30.558,ZAF,Africa,Christians,2000,,
,South Africa,23.121,-30.558,ZAF,Africa,Christians,2005,,
,South Africa,23.121,-30.558,ZAF,Africa,Christians,2010,,
235,South Africa,23.121,-30.558,ZAF,Africa,Christians,2015,9.609999657,56.45
,South Africa,23.121,-30.558,ZAF,Africa,Christians,2018,,
236,Bermuda,-64.709,32.336,,South/Latin America,No record,2000,,
,Bermuda,-64.709,32.336,,South/Latin America,No record,2005,,
,Bermuda,-64.709,32.336,,South/Latin America,No record,2010,,
,Bermuda,-64.709,32.336,,South/Latin America,No record,2015,,
,Bermuda,-64.709,32.336,,South/Latin America,No record,2018,,
,"Korea, Democratic People's Republic of",126.451,39.778,PRK,Asia & Pacific,Unaffiliated,2000,,
,"Korea, Democratic People's Republic of",126.451,39.778,PRK,Asia & Pacific,Unaffiliated,2005,,
,"Korea, Democratic People's Republic of",126.451,39.778,PRK,Asia & Pacific,Unaffiliated,2010,,
237,"Korea, Democratic People's Republic of",126.451,39.778,PRK,Asia & Pacific,Unaffiliated,2015,3.819999933,65.4
,"Korea, Democratic People's Republic of",126.451,39.778,PRK,Asia & Pacific,Unaffiliated,2018,,
,Bahrain,50.562,26.019,BHR,Arab States,Muslims,2000,,
,Bahrain,50.562,26.019,BHR,Arab States,Muslims,2005,,
,Bahrain,50.562,26.019,BHR,Arab States,Muslims,2010,,
238,Bahrain,50.562,26.019,BHR,Arab States,Muslims,2015,1.299999952,21.8
,Bahrain,50.562,26.019,BHR,Arab States,Muslims,2018,,
,Colombia,-73.076,3.9,COL,South/Latin America,Christians,2000,,
,Colombia,-73.076,3.9,COL,South/Latin America,Christians,2005,,
,Colombia,-73.076,3.9,COL,South/Latin America,Christians,2010,,
239,Colombia,-73.076,3.9,COL,South/Latin America,Christians,2015,5.78000021,47.2
,Colombia,-73.076,3.9,COL,South/Latin America,Christians,2018,,
,Hungary,19.134,47.07,HUN,Europe,Christians,2000,,
,Hungary,19.134,47.07,HUN,Europe,Christians,2005,,
,Hungary,19.134,47.07,HUN,Europe,Christians,2010,,
240,Hungary,19.134,47.07,HUN,Europe,Christians,2015,11.60000038,69.1
,Hungary,19.134,47.07,HUN,Europe,Christians,2018,,
,Pakistan,69.386,29.967,PAK,Asia & Pacific,Muslims,2000,,
,Pakistan,69.386,29.967,PAK,Asia & Pacific,Muslims,2005,,
,Pakistan,69.386,29.967,PAK,Asia & Pacific,Muslims,2010,,
241,Pakistan,69.386,29.967,PAK,Asia & Pacific,Muslims,2015,0.289999992,8
,Pakistan,69.386,29.967,PAK,Asia & Pacific,Muslims,2018,,
,Vanuatu,166.899,-15.376,VUT,Asia & Pacific,Christians,2000,,
,Vanuatu,166.899,-15.376,VUT,Asia & Pacific,Christians,2005,,
,Vanuatu,166.899,-15.376,VUT,Asia & Pacific,Christians,2010,,
242,Vanuatu,166.899,-15.376,VUT,Asia & Pacific,Christians,2015,2.140000105,17.35
,Vanuatu,166.899,-15.376,VUT,Asia & Pacific,Christians,2018,,
243,Niue,-169.869,-19.052,,Asia & Pacific,No record,2000,,
,Niue,-169.869,-19.052,,Asia & Pacific,No record,2005,,
,Niue,-169.869,-19.052,,Asia & Pacific,No record,2010,,
,Niue,-169.869,-19.052,,Asia & Pacific,No record,2015,,
,Niue,-169.869,-19.052,,Asia & Pacific,No record,2018,,
,Mauritius,57.583,-20.255,MUS,Africa,Hindus,2000,,
,Mauritius,57.583,-20.255,MUS,Africa,Hindus,2005,,
,Mauritius,57.583,-20.255,MUS,Africa,Hindus,2010,,
244,Mauritius,57.583,-20.255,MUS,Africa,Hindus,2015,3.940000057,39.65
,Mauritius,57.583,-20.255,MUS,Africa,Hindus,2018,,
,Syrian Arab Republic,38.506,35.013,SYR,Asia & Pacific,Muslims,2000,,
,Syrian Arab Republic,38.506,35.013,SYR,Asia & Pacific,Muslims,2005,,
,Syrian Arab Republic,38.506,35.013,SYR,Asia & Pacific,Muslims,2010,,
245,Syrian Arab Republic,38.506,35.013,SYR,Asia & Pacific,Muslims,2015,0.280000001,4.4
,Syrian Arab Republic,38.506,35.013,SYR,Asia & Pacific,Muslims,2018,,
246,United Kingdom,-1.6,53,,Europe,Christians,2000,,
,United Kingdom,-1.6,53,,Europe,Christians,2005,,
,United Kingdom,-1.6,53,,Europe,Christians,2010,,
,United Kingdom,-1.6,53,,Europe,Christians,2015,,
,United Kingdom,-1.6,53,,Europe,Christians,2018,,
,"Korea, Republic of",128.103,36.504,KOR,Asia & Pacific,Unaffiliated,2000,,
,"Korea, Republic of",128.103,36.504,KOR,Asia & Pacific,Unaffiliated,2005,,
,"Korea, Republic of",128.103,36.504,KOR,Asia & Pacific,Unaffiliated,2010,,
247,"Korea, Republic of",128.103,36.504,KOR,Asia & Pacific,Unaffiliated,2015,10.03999996,35.7
,"Korea, Republic of",128.103,36.504,KOR,Asia & Pacific,Unaffiliated,2018,,
,Mali,-3.524,17.35,MLI,Africa,Muslims,2000,,
,Mali,-3.524,17.35,MLI,Africa,Muslims,2005,,
,Mali,-3.524,17.35,MLI,Africa,Muslims,2010,,
248,Mali,-3.524,17.35,MLI,Africa,Muslims,2015,1.25,17.2
,Mali,-3.524,17.35,MLI,Africa,Muslims,2018,,
,Netherlands,5.389,52.077,NLD,Europe,Christians,2000,,
,Netherlands,5.389,52.077,NLD,Europe,Christians,2005,,
,Netherlands,5.389,52.077,NLD,Europe,Christians,2010,,
249,Netherlands,5.389,52.077,NLD,Europe,Christians,2015,9.550000191,62.6
,Netherlands,5.389,52.077,NLD,Europe,Christians,2018,,
